ID,IMAGE_ID,FLOOD_NAME,YEAR,COUNTRY,CONTINENT,ENVIRONMENT,SKY,LATITUDE,LONGITUDE,SOURCE
1,001,Typhoon Yagi Floods,2024,Vietnam,Asia,Urban/Peri-urban,With Sky,"21,28","105,25","https://media.cnn.com/api/v1/images/stellar/prod/gettyimages-2170311361.jpg?c=16x9&q=h_653,w_1160,c_fill/f_webp"
2,002,Typhoon Yagi Floods,2024,Vietnam,Asia,Urban/Peri-urban,With Sky,"20,06","105,84",https://bcp.cdnchinhphu.vn/344443456812359680/2024/9/17/baolu-1726538244447971587800.jpg
3,003,Typhoon Yagi Floods,2023,Vietnam,Asia,Urban/Peri-urban,No Sky,"21,61","104,91",https://imagev3-lang.vietnamplus.vn/h600/Uploaded/2024/lexp/2024_09_09/5-470.jpg.webp
4,004,Cyclone Mocha Floods,2023,Myanmar,Asia,Urban/Peri-urban,With Sky,"20,36","93,26",https://assets.dmediag.com/2023/August/mb_fllod.jpg
5,005,Pakistan Monsoon Floods,2023,Pakistan,Asia,Urban/Peri-urban,With Sky,"27,72","68,97",https://cdn.britannica.com/12/262912-050-E8795515/Pakistan-floods-2022-aerial-Balochistan-Pakistan-flooding-August-2022.jpg
6,006,Pakistan Monsoon Floods,2023,Pakistan,Asia,Rural,With Sky,"34,77","72,36",https://media.npr.org/assets/img/2022/08/29/gettyimages-1242744743_custom-0faea14b209bf1507023c989cc7a6da1dd6e6ee1.jpg?s=1600&c=85&f=webp
7,007,Himachal Pradesh Floods,2023,India,Asia,Rural,No Sky,"32,24","77,19",https://cf-img-a-in.tosshub.com/sites/visualstory/wp/2023/07/PTI07_11_2_1689858086-scaled.jpg?size=*:900
8,008,Typhoon Saola Floods,2023,Philippines,Asia,Urban/Peri-urban,No Sky,"17,95","121,71",https://newsmedia.tasnimnews.com/Tasnim/Uploaded/Image/1396/10/04/1396100410425166912881344.jpg
9,009,Typhoon Saola Floods,2023,Philippines,Asia,Urban/Peri-urban,With Sky,"18,38","121,46",https://www.ctvnews.ca/polopoly_fs/1.6966042.1721159615!/httpImage/image.jpg_gen/derivatives/landscape_800/image.jpg
10,010,Typhoon Doksuri Floods,2023,China,Asia,Rural,With Sky,"44,45","127,18",https://guernseypress.com/resizer/v2/TLCWL5HD4VH2ZOT5PWKEM2QPJQ.jpg?auth=c65912eb9a17c335ef820f3a4d258ab1229a9e30a2afde90dcc03949afba057d&width=1200&height=900
11,011,Typhoon Doksuri Floods,2023,China,Asia,Rural,No Sky,"44,42","127,21",https://content.assets.pressassociation.io/AP/2023/08/05/5b14c32fa4284c72a03513a6ca41722a.jpg?w=1280
12,012,Hoang Long River Floods,2024,Vietnam,Asia,Urban/Peri-urban,No Sky,"20,26","105,95",https://cdnphoto.dantri.com.vn/76r1mFljn0lacoj9iywF8R0nR18=/thumb_w/1920/2024/09/13/toan-canh-lu-o-ninh-binh-6-1726223863552.jpg?watermark=true
13,013,Hoang Long River Floods,2024,Vietnam,Asia,Urban/Peri-urban,No Sky,"20,85","105,77",https://cdnphoto.dantri.com.vn/RTglUWhIGQewU2opNcWXbSYidIU=/thumb_w/1920/2024/09/13/toan-canh-lu-o-ninh-binh-3-1726223864749.jpg?watermark=true
15,015,Kabul River Floods,2023,Afghanistan,Asia,Rural,With Sky,"34,52","69,17",https://kabulnow.com/wp-content/uploads/2023/07/%D8%B3%DB%8C%D9%84%D8%A7%D8%A8-%D8%AF%D8%B1-%D8%AE%D9%88%D8%B3%D8%AA-770x433-1.jpg
16,016,Nepal Monsoon Floods,2023,Nepal,Asia,Rural,With Sky,"27,68","85,28",https://nepalcheck.org/wp-content/uploads/2023/10/balkhu-river-flood-kathmandu-august-8.2023.jpg?w=2048
17,017,Nepal Heavy Rain Floods,2024,Nepal,Asia,Urban/Peri-urban,With Sky,"27,65","85,34",https://dims.apnews.com/dims4/default/fcab994/2147483647/strip/true/crop/3375x2250+0+0/resize/2720x1814!/format/webp/quality/90/?url=https%3A%2F%2Fassets.apnews.com%2F57%2Fb8%2Fcefe04fc3352c2b28f31d147a26a%2Ff7e5851395654319978c6d3c4f66b772
18,018,Heavy Rains Floods,2023,China,Asia,Rural,With Sky,"45,65","128,42",http://en.people.cn/mediafile/pic/BIG/20230806/84/9365693911127298820.png
19,019,Heavy Rains Floods,2023,China,Asia,Rural,With Sky,"44,15","127,16",https://english.news.cn/20230806/741659b207d74a52aece53c8c6794c1b/20230806741659b207d74a52aece53c8c6794c1b_XxjwshE007021_20230806_CBMFN0A001.jpg
20,020,Yangtze River Floods,2024,China,Asia,Urban/Peri-urban,No Sky,"28,69","113,59",https://static1.straitstimes.com.sg/s3fs-public/styles/large30x20/public/articles/2024/07/03/LYNXMPEK620C2-1.jpg?VersionId=sBmZJN0qJf4ekv84ATeVxW4KHY365CQr&itok=hVctvy-a
21,021,Typhoon Doksuri Floods,2023,China,Asia,Urban/Peri-urban,No Sky,"39,47","115,98",https://cloudfront-us-east-2.images.arcpublishing.com/reuters/7CU2LPH2PNN7XHGN3TTXHV3IUQ.jpg
22,022,Heavy Rains Floods,2024,Bangladesh,Asia,Rural,No Sky,"24,88","91,85",https://pbs.twimg.com/media/GQmjqr0W4AAK-mH?format=jpg&name=4096x4096
23,023,Monsoon Floods,2024,Bangladesh,Asia,Urban/Peri-urban,No Sky,"22,99","91,51",https://www.instagram.com/amdad.photo/p/C_AiWcDS95-/
24,024,Assam Floods,2024,India,Asia,Rural,No Sky,"26,17","92,32",https://nenews.in/assam/assam-floods-worsen-3-dead-over-11l-affected-across-23-districts/11403/
25,025,Brahmaputra Floods,2023,India,Asia,Rural,No Sky,"26,98","94,63",https://etvbharatimages.akamaized.net/etvbharat/prod-images/13-08-2023/1200-675-19258159-1101-19258159-1691937516171.jpg?imwidth=3840
26,026,Heavy Rains Floods,2022,China,Asia,Urban/Peri-urban,No Sky,"31,11","103,92",https://cdn.i-scmp.com/sites/default/files/styles/1200x800/public/d8/images/canvas/2022/08/13/71e9117c-4ed7-4233-8423-9dc5bae73f05_c3bb5c07.jpg?itok=7mGY5Uu5&v=1660406274
27,027,Heavy Rains Floods,2023,China,Asia,Urban/Peri-urban,With Sky,"31,36","103,49",https://img2.chinadaily.com.cn/images/202306/27/649aac0ba310bf8a1d23053b.jpeg
28,028,Jakarta Floods,2024,Indonesia,Asia,Urban/Peri-urban,With Sky,"-3,82","119,75",https://english.news.cn/20240505/e459a5f9944a4d3e8e77be00b2c65f90/20240505e459a5f9944a4d3e8e77be00b2c65f90_ChkhgeE007006_20240505_CBMFN0A001.jp\g
30,030,Mekong River Floods,2024,Thailand,Asia,Urban/Peri-urban,With Sky,"17,87","102,52",https://bkktribune.com/wp-content/uploads/2024/09/nongkhai-1280x720.jpg
32,032,Typhoon Khanun Floods,2023,"Korea, South",Asia,Urban/Peri-urban,No Sky,"35,84","128,52",https://cdn-assetd.kompas.id/iZM1i6wiNjF_F3UPgIZS--uHLaA=/1280x862/https%3A%2F%2Fasset.kgnewsroom.com%2Fphoto%2Fpre%2F2023%2F08%2F10%2Fcbc3a45e-0535-48cf-adca-b9e289fe3cc2_jpg.jpg
33,033,Mindanao Floods,2024,Philippines,Asia,Rural,No Sky,"7,19","125,87",https://files01.pna.gov.ph/ograph/2024/01/23/davao-de-oro-aerial-shot-shear-line-floods16-jan-2024davao-de-oro-provincial-govt-photo.jpg
34,034,Mindanao Floods,2024,Philippines,Asia,Rural,With Sky,"7,18","125,56",https://dzar1026.ph/wp-content/uploads/2024/01/shearline.jpg
35,035,Cox's Bazar Floods,2024,Bangladesh,Asia,Urban/Peri-urban,With Sky,"21,42","92,02",https://pro.drc.ngo/media/dhflnqwj/111.jpg?anchor=center&mode=crop&width=1200&height=630&rnd=133692214269000000
39,039,Typhoon Gaemi Floods,2024,China,Asia,Urban/Peri-urban,With Sky,"26,45","113,54",https://cdn.i-scmp.com/sites/default/files/d8/images/canvas/2024/07/12/8146d66f-e59c-4c2b-8a1e-14397601f89d_0c42f09f.jpg
40,040,Typhoon Lan Floods,2023,Japan,Asia,Rural,With Sky,"33,71","135,98","https://media.cnn.com/api/v1/images/stellar/prod/230815113114-03-typhoon-lan-japan.jpg?q=w_1110,c_fill/f_webp"
41,041,Heavy Rains Floods,2024,Japan,Asia,Urban/Peri-urban,No Sky,"36,14","138,66",https://www.asahi.com/ajw/articles/15413794
42,042,Typhoon Shanshan,2024,Japan,Asia,Rural,No Sky,"33,21","131,36",https://www.chinadailyhk.com/upload/main/image/2024/08/31/39c092fc224c3f745f6d5997a5aa0e7f.jpg
43,043,Heavy Rains Floods,2024,Vietnam,Asia,Urban/Peri-urban,No Sky,"20,91","105,66",https://static.tuoitrenews.vn/ttnew/r/2024/07/29/1-1722244902.png
44,044,Heavy Rains Floods,2024,Vietnam,Asia,Urban/Peri-urban,No Sky,"20,92","105,67",https://tuoitrenews.vn/news/society/20240729/hanois-suburban-districts-inundated/81189.html#gallery-2
45,045,Southern Thailand Floods,2023,Thailand,Asia,Urban/Peri-urban,No Sky,"6,83","101,46",https://media.nationthailand.com/uploads/images/md/2023/12/5XonrCC8N9dc429WzXk7.webp
46,046,Southern Thailand Floods,2023,Thailand,Asia,Urban/Peri-urban,No Sky,"14,39","100,59",https://media.nationthailand.com/uploads/images/contents/w1024/2023/10/maLBwqOwBGz9jinopdFa.webp?x-image-process=style/lg-webp
47,047,Central Thailand Floods,2023,Thailand,Asia,Urban/Peri-urban,No Sky,"17,18","99,81",https://preview.presstv.ir/ptv///sitevideo/20231003/thailand.mp4
48,048,Tropical Rainstorms Floods,2024,Thailand,Asia,Rural,No Sky,"18,19","100,14",https://cassette.sphdigital.com.sg/image/businesstimes/4d55b56bf5b151dbdd95f8ee9358ba9f8d878f34626ddefa02f6c4a0c026d27a?w=1520&f=webp
51,051,Malaysia Floods,2024,Malaysia,Asia,Rural,No Sky,"5,92","100,56",https://apicms.thestar.com.my/uploads/images/2024/09/30/2938538.webp
53,053,Tamil Nadu Heavy Rains,2023,India,Asia,Rural,With Sky,"8,98","78,11",https://imgeng.jagran.com/images/2023/dec/TNFLOODS21702998685327.jpg
54,054,Tamil Nadu Heavy Rains,2023,India,Asia,Rural,No Sky,"8,95","78,15",https://imgeng.jagran.com/images/2023/dec/india%20(76)1702959303782.jpg
55,055,Kerala Floods,2024,India,Asia,Urban/Peri-urban,No Sky,"11,72","76,11",https://english.mathrubhumi.com/image/contentid/policy:1.9738827:1721356643/19shameer1333333333%20(1).jpg?$p=bab4749&f=16x10&w=852&q=0.8
56,056,Kerala Floods,2024,India,Asia,Urban/Peri-urban,With Sky,"11,72","76,11",https://media.licdn.com/dms/image/v2/D4E12AQFXu0il3NI7SQ/article-cover_image-shrink_720_1280/article-cover_image-shrink_720_1280/0/1686206434674?e=2147483647&v=beta&t=fjH1J3wGq1Af6n4IoKYmRWQDUWjODrxYtkdW0XoYgrQ
57,057,Kerala Floods,2024,India,Asia,Urban/Peri-urban,No Sky,"11,74","76,11",https://bhartikumari.s3.ap-south-1.amazonaws.com/1722634208842_BoldModernEarnMoneyTipsYouTubeThumbnail2%20%282%29.jpeg
58,058,Hanoi Floods,2024,Vietnam,Asia,Urban/Peri-urban,No Sky,"20,92","105,81",https://japannews.yomiuri.co.jp/wp-content/uploads/2024/09/AP24253179936841.jpg
59,059,Myanmar floods,2023,Myanmar,Asia,Urban/Peri-urban,With Sky,"17,31","96,45",https://media.assettype.com/TNIE%2Fimport%2F2023%2F10%2F10%2Foriginal%2FMyanmar_AFP1487637-01-02.jpg?w=1024&auto=format%2Ccompress&fit=max
60,060,Myanmar floods,2024,Myanmar,Asia,Urban/Peri-urban,No Sky,"18,45","95,62",https://images.deccanherald.com/deccanherald%2F2024-09-15%2Fo6dibg0x%2FiStock-1993213039.jpg?auto=format%2Ccompress&fmt=webp&fit=max&format=webp&q=70&w=900&dpr=1.3
61,061,India Floods,2024,India,Asia,Urban/Peri-urban,With Sky,"11,49","76,15",https://ichef.bbci.co.uk/news/1024/cpsprodpb/4da6/live/c72409b0-4f15-11ef-b1f9-6193958006be.jpg.webp
63,063,Floodwater of the Ghataprabha River,2024,India,Asia,Urban/Peri-urban,No Sky,"16,25","74,95",https://english.publictv.in/wp-content/uploads/2024/07/FotoJet-6-10.jpg
64,064,Krishna River Floods,2024,India,Asia,Urban/Peri-urban,No Sky,"16,16","74,81",https://media.assettype.com/newindianexpress%2F2024-07%2F2ca93092-ed22-402f-9238-b3415ab46dc8%2Ffloods.jpg?w=1024&auto=format%2Ccompress&fit=max
65,065,Vijayawada Floods,2024,India,Asia,Urban/Peri-urban,No Sky,"16,52","80,65",https://khalsaexpress.com/vijayawada-has-been-severely-affected-by-unprecedented-floods-especially-in-areas-around-the-krishna-river/
67,067,Fujian Heavy Rains Floods,2024,China,Asia,Rural,With Sky,"35,96","115,41",https://static.srpcdigital.com/styles/1037xauto/public/2024-06/684302_0.jpeg
68,068,Southern China Floods,2022,China,Asia,Urban/Peri-urban,With Sky,"28,43","117,93",https://images.prothomalo.com/prothomalo-english%2F2022-06%2F4c4d349d-149a-421e-b34d-d562077e9ac2%2F2022_02_17T015239Z_142946169_RC28LS96QPES_RTRMADP_3_VENEZUELA_RUSSIA.JPG?auto=format%2Ccompress&fmt=webp&format=webp&w=640&dpr=1.3
69,069,Malaysia Floods,2024,Malaysia,Asia,Urban/Peri-urban,No Sky,"5,89","100,64",https://cdn4.premiumread.com/?url=https://malaymail.com/malaymail/uploads/images/2024/09/22/236164.jpg&w=1000&q=100&f=jpg&t=2
70,070,Malaysia Floods,2024,Malaysia,Asia,Urban/Peri-urban,With Sky,"2,39","102,22",https://cdn4.premiumread.com/?url=https://malaymail.com/malaymail/uploads/images/2024/08/26/229831.jpg&w=1000&q=100&f=jpg&t=2
71,071,Vietnam Floods,2024,Vietnam,Asia,Urban/Peri-urban,No Sky,"20,94","104,61",https://image.khaleejtimes.com/?uuid=4a3b633c-96d6-5488-a34c-22773b427010&function=fit&type=preview&source=false&q=75&maxsize=1200&scaleup=0
72,072,Vietnam Floods,2024,Vietnam,Asia,Urban/Peri-urban,With Sky,"20,94","104,61",https://globalnation.inquirer.net/files/2024/08/Thousands-of-children-cut-off-from-school-by-north-Vietnam-floods-scaled.jpg
73,073,Sichuan Floods,2024,China,Asia,Urban/Peri-urban,No Sky,"30,35","103,48",https://i.ytimg.com/vi/3RTGSyuPXSk/maxresdefault.jpg
74,074,Jian Jiangxi China Floods,2023,China,Asia,Urban/Peri-urban,No Sky,"27,08","114,86",https://www.gettyimages.ae/detail/news-photo/aerial-view-of-a-flood-hit-village-after-torrential-rains-news-photo/1488052694?adppopup=true
75,075,Heavy Rains Floods,2023,Bangladesh,Asia,Urban/Peri-urban,No Sky,"23,01","91,39",https://media.gettyimages.com/id/2167303003/photo/an-aerial-view-shows.jpg?s=2048x2048&w=gi&k=20&c=lZWwBSEqjWAwLpxzA_tQWJgKAMPapJBUQuYjFVXj4W0=
76,076,Tropical Storm Kristine,2024,Philippines,Asia,Urban/Peri-urban,With Sky,"17,62","121,73",https://cebudailynews.inquirer.net/files/2024/10/AFP__20241025__36KU4UQ__v1__HighRes__PhilippinesWeatherStormFlooding-1536x864.jpg
77,077,Tropical Storm Kristine,2024,Philippines,Asia,Urban/Peri-urban,With Sky,"13,32","123,31",https://cebudailynews.inquirer.net/files/2024/10/AFP__20241024__36KN4DN__v3__HighRes__TopshotPhilippinesWeatherFlooding-1024x576.jpg.avif
78,078,Tropical Storm Kristine,2024,Philippines,Asia,Urban/Peri-urban,With Sky,"17,62","121,73",https://cebudailynews.inquirer.net/files/2024/10/AFP__20241025__36KU3V7__v1__HighRes__PhilippinesWeatherStormFlooding-1536x864.jpg
79,079,Tropical Storm Kristine,2024,Philippines,Asia,Urban/Peri-urban,No Sky,"13,16","123,64",https://scontent.fath2-1.fna.fbcdn.net/v/t39.30808-6/464240500_962650416045914_2212866714016380296_n.jpg?_nc_cat=106&ccb=1-7&_nc_sid=127cfc&_nc_ohc=M60bJT3fzZIQ7kNvgEhv482&_nc_ht=scontent.fath2-1.fna&_nc_gid=AuQG73zQUC-dB2wKuIbYVYG&oh=00_AYCtpBBMRFYZqZU5AY14lmuCjm26TusUKfBsp_e5JBfNcQ&oe=67215AAE
81,081,Tropical Storm Kristine,2024,Philippines,Asia,Urban/Peri-urban,No Sky,"13,16","123,64",https://scontent.fath2-1.fna.fbcdn.net/v/t39.30808-6/464505281_962650449379244_6345272660755684278_n.jpg?_nc_cat=111&ccb=1-7&_nc_sid=127cfc&_nc_ohc=SIezsiKBsJcQ7kNvgGiJ8oj&_nc_ht=scontent.fath2-1.fna&_nc_gid=AYnFXRoJXIB1Cq2P2OYaUEI&oh=00_AYD3lf37tskQOLarJEnSkqKdEgv4rVx9SSaE988yFtKWvA&oe=67216E0A
83,083,Tropical Storm Kristine,2024,Philippines,Asia,Urban/Peri-urban,With Sky,"13,45","123,36",https://news-image-api.abs-cbn.com/Prod/editorImage/17297417759601729741774166.jpeg
84,084,North Korea Floods,2024,"Korea, North",Asia,Rural,No Sky,"40,04","124,42",https://www.fox16.com/wp-content/uploads/sites/84/2024/07/66a7396f565ca9.23880494.jpeg?w=2560&h=1440&crop=1
85,085,Tropical Storm Kristine,2024,Philippines,Asia,Urban/Peri-urban,With Sky,"14,24","121,47",https://newsinfo.inquirer.net/files/2024/10/Marcos-aerial-inspection-25October2024_4.jpg
86,086,Tropical Storm Trami,2024,Vietnam,Asia,Urban/Peri-urban,With Sky,"17,22","106,78",https://iv1cdn.vnecdn.net/vnexpress/images/web/2024/10/29/nuoc-lu-bua-vay-vung-ron-lu-le-thuy-1730216308.jpg?w=0&h=0&q=100&dpr=1&fit=crop&s=pVa4EzpPeGZIujRExW239g
87,087,Tropical Storm Trami,2024,China,Asia,Urban/Peri-urban,No Sky,"19,24","110,48",https://i.guim.co.uk/img/media/a1735c307774a6091d5eac3cf09f9b01c9c5d774/0_0_8064_4536/master/8064.jpg?width=1010&quality=45&auto=format&fit=max&dpr=2&s=3b8598a5966a3b3b8df0b85be50c981f
88,088,Tropical Storm Trami,2024,Vietnam,Asia,Urban/Peri-urban,With Sky,"17,22","106,77",https://vcdn1-english.vnecdn.net/2024/10/30/songngap1730180652348717301806-4498-4980-1730252829.jpg?w=680&h=408&q=100&dpr=1&fit=crop&s=UDKha8q7noRYIt2JpEkTOw
90,090,Tropical Storm Trami,2024,Philippines,Asia,Urban/Peri-urban,With Sky,"17,62","121,73",https://newsstatic.rthk.hk/images/mfile_1776364_1_L_20241026201337.jpg
93,093,Mekong River Floods,2024,Cambodia,Asia,Urban/Peri-urban,With Sky,"11,99","105,47",https://apicms.thestar.com.my/uploads/images/2024/10/28/thumbs/700/2988583.webp
94,094,Tropical Storm Trami,2024,Vietnam,Asia,Urban/Peri-urban,No Sky,"16,11","107,98",https://cdn.vietnam.vn/wp-content/uploads/2024/10/1730046427_861_Hang-chuc-ngoi-nha-o-Da-Nang-toc-mai-hon.jpg
96,096,Tropical Storm Trami,2024,Vietnam,Asia,Urban/Peri-urban,With Sky,"17,21","106,72",https://icdn.dantri.com.vn/thumb_w/680/dtinews/2024/10/31/z59823056979600b88ac999332e1f90a219e71459cf4d2-edited-1730277138724-1730350619745.jpg
97,097,Chao Phraya River Floods,2024,Thailand,Asia,Urban/Peri-urban,No Sky,"14,49","100,45",https://static.bangkokpost.com/media/content/20240928/c1_2873753_240928134455_790.jpg
100,100,Nepal Floods,2024,Nepal,Asia,Urban/Peri-urban,No Sky,"27,71","85,33",https://c.ndtvimg.com/2024-10/8d0ofvkg_nepalfloods_640x480_01_October_24.jpg
101,101,Boris System Floods,2024,Italy,Europe,Urban/Peri-urban,No Sky,"44,48","11,95",https://www.reuters.com/resizer/v2/https%3A%2F%2Fcloudfront-us-east-2.images.arcpublishing.com%2Freuters%2FGZFRAQWV6FNHBKRAU6PWDZ5U6M.jpg?auth=90feedc97640886e66b5b84ec4989c0dc04d5c0b5c39aedaf691523b5f482f1f&width=960&quality=80
102,102,Boris System Floods,2024,Italy,Europe,Rural,With Sky,"44,42","11,98",https://cyprus-mail.com/image/s1100x652/fill/webp/path/wp-content/uploads/2024/09/2024-09-19T084233Z_91907352_RC2K3AAMEN8K_RTRMADP_3_EUROPE-WEATHER-ITALY-FLOODS.jpg
103,103,Storm Minerva Floods,2023,Italy,Europe,Urban/Peri-urban,No Sky,"44,37","11,69",https://www.ctvnews.ca/polopoly_fs/1.6402031.1684326071!/httpImage/image.jpeg_gen/derivatives/landscape_1020/image.jpeg
104,104,Storm Minerva Floods,2023,Italy,Europe,Rural,No Sky,"44,36","12,05",https://www.wsws.org/asset/4b151a47-0dda-4f44-a9c1-08eaf8a24256?rendition=image1280
105,105,Storm Minerva Floods,2023,Italy,Europe,Rural,No Sky,"44,57","11,61",https://upload.wikimedia.org/wikipedia/commons/8/89/Isola%28to%29.jpg
107,107,Storm Minerva Floods,2023,Italy,Europe,Rural,No Sky,"44,37","12,05",https://gizmodo.com/app/uploads/2023/05/56791f5486e8b8ee49683b56a5ecaf32-896x504.jpg
108,108,Storm Minerva Floods,2023,Italy,Europe,Urban/Peri-urban,No Sky,"44,29","11,87",https://e3.365dm.com/24/09/2048x1152/skynews-italy-flood-flooding_6690245.jpg?20240919135225
109,109,Storm Minerva Floods,2023,Italy,Europe,Urban/Peri-urban,With Sky,"44,41","12,01",https://e3.365dm.com/24/09/2048x1152/skynews-italy-flood-flooding_6689972.jpg?20240919092730
110,110,Storm Minerva Floods,2023,Italy,Europe,Rural,With Sky,"44,41","12,02",https://e3.365dm.com/24/09/2048x1152/skynews-italy-flood-flooding_6689973.jpg?20240919092757
111,111,Slovenia Floods,2023,Slovenia,Europe,Urban/Peri-urban,No Sky,"46,21","14,61",https://static.dw.com/image/66443672_906.jpg
112,112,Slovenia Floods,2023,Slovenia,Europe,Rural,With Sky,"46,15","14,99",https://preview.redd.it/floods-in-slovenia-apparently-there-has-never-been-so-much-v0-871ktftu13gb1.jpg?width=960&format=pjpg&auto=webp&s=be26ce9a8f6d77b59bb27a7503770cc3fdca45e4
113,113,Slovenia Floods,2023,Slovenia,Europe,Urban/Peri-urban,No Sky,"46,26","14,62",https://www.wsws.org/asset/50a4cb61-9a67-4005-869c-3bff630542f4?rendition=image1280
116,116,Slovenia Floods,2023,Slovenia,Europe,Urban/Peri-urban,No Sky,"46,23","15,26",https://watchers.news/wp-content/uploads/2023/08/Severe-flooding-kills-three-in-Slovenia-after-a-months-rain-falls-in-one-day-3.webp
119,119,Danube River Floods,2024,Hungary,Europe,Urban/Peri-urban,No Sky,"47,46","19,07",https://focus.independent.ie/thumbor/-uycB394divAN_4TabC24g3a-pU=/0x0:620x342/960x640/prod-mh-ireland/24dce16a-bb8a-11ed-8a8a-0210609a3fe2.jpg
120,120,Rhine River Floods,2023,Germany,Europe,Urban/Peri-urban,With Sky,"50,71","7,12",https://www.theguardian.com/environment/2023/dec/18/weather-tracker-rhine-closed-shipping-river-levels-rise#img-1
121,121,Rhine River Floods,2023,Germany,Europe,Urban/Peri-urban,With Sky,"52,75","7,27",https://www.gfz-potsdam.de/fileadmin/_processed_/b/4/csm_20240105_Haren-02-27-12-2023_Flugschule-Dankern_0fd037afb9.webp
123,123,Storm Elias Floods,2024,Greece,Europe,Urban/Peri-urban,No Sky,"39,51","22,71",https://www.ekathimerini.com/wp-content/uploads/2023/09/sotirio-larissa-storm-elias-flood-EPA-960x600.jpg?v=1696021068
124,124,Daniel Flash Floods,2023,Greece,Europe,Urban/Peri-urban,No Sky,"39,58","22,16",https://balkaninsight.com/wp-content/uploads/2023/09/11701319.jpg
125,125,Daniel Flash Floods,2023,Greece,Europe,Urban/Peri-urban,No Sky,"39,59","22,17",https://balkaninsight.com/wp-content/uploads/2023/09/11701604.jpg
127,127,Daniel Flash Floods,2023,Greece,Europe,Urban/Peri-urban,No Sky,"39,61","22,31",https://dims.apnews.com/dims4/default/5356f1d/2147483647/strip/true/crop/4032x3024+0+0/resize/2880x2160!/format/webp/quality/90/?url=https%3A%2F%2Fassets.apnews.com%2Fc1%2F73%2Fa70bc287a960d9f579e397b12bbd%2Fd279f79d7b364359836c759defa5c719
129,129,Daniel Flash Floods,2023,Greece,Europe,Urban/Peri-urban,With Sky,"39,57","22,22",https://dims.apnews.com/dims4/default/8e0dfa5/2147483647/strip/true/crop/4032x3024+0+0/resize/2880x2160!/format/webp/quality/90/?url=https%3A%2F%2Fassets.apnews.com%2F66%2F54%2F4726fa7822ce263f45fc5a36156b%2F366f94cec40541c79468722c7c11e7f7
130,130,Daniel Flash Floods,2023,Greece,Europe,Urban/Peri-urban,No Sky,"39,62","22,49",https://dims.apnews.com/dims4/default/b6b22d7/2147483647/strip/true/crop/3682x2454+0+0/resize/2880x1920!/format/webp/quality/90/?url=https%3A%2F%2Fassets.apnews.com%2F80%2F72%2F2cf9dceb6787fc4d2a4cf83454b3%2Fa46b2cdf561842ebbb74931719b2831a
132,132,Daniel Flash Floods,2023,Greece,Europe,Urban/Peri-urban,No Sky,"39,52","21,76",https://campus-cdhk.oss-cn-hongkong.aliyuncs.com/attachments/image/2023/09/08/499a2672-878e-4976-9d7c-15c7220e5a6a.jpg
135,135,Daniel Flash Floods,2023,Greece,Europe,Urban/Peri-urban,No Sky,"39,46","22,07",https://www.karditsanews.gr/wp-content/uploads/2023/09/PALAMAS.jpg
136,136,Daniel Flash Floods,2023,Greece,Europe,Urban/Peri-urban,With Sky,"39,46","22,07",https://www.bigpost.gr/wp-content/uploads/2023/09/5963859-1024x682.jpg
137,137,Daniel Flash Floods,2023,Greece,Europe,Urban/Peri-urban,With Sky,"39,71","22,43",https://www.newsbeast.gr/image/s990x/webp/file/files/1/2023/09/larisa_koulouri1.jpg
138,138,Valencia Floods,2024,Spain,Europe,Urban/Peri-urban,With Sky,"39,42","-0,38",https://i.guim.co.uk/img/media/76df015ceda3e93e6002b4b1978bbea1b633e084/0_0_5763_3842/master/5763.jpg?width=1010&quality=45&auto=format&fit=max&dpr=2&s=5cb03820e9048afab039e5918a5c6f7b
139,139,Tuscany storm and floods,2023,Italy,Europe,Urban/Peri-urban,With Sky,"43,82","11,12",https://ichef.bbci.co.uk/news/1024/cpsprodpb/68E2/production/_131605862_7babc712-bbd4-40a4-b8f4-8d164d1aa89b.jpg.webp
140,140,Tuscany storm and floods,2023,Italy,Europe,Urban/Peri-urban,With Sky,"43,82","11,12",https://floodlist.com/wp-content/uploads/2023/11/Floods-in-Tuscany-Italy.-November-2023-Governoment-of-Tuscany-2-1024x768.jpg
141,141,Tuscany storm and floods,2023,Italy,Europe,Urban/Peri-urban,With Sky,"43,82","11,12",https://floodlist.com/wp-content/uploads/2023/11/Floods-in-Tuscany-Italy.-November-2023-Governoment-of-Tuscany-3-1024x768.jpg
143,143,Poland Floods,2024,Poland,Europe,Urban/Peri-urban,No Sky,"50,38","16,61",https://static.srpcdigital.com/styles/1037xauto/public/2024-09/784214_0.jpeg
144,144,Poland Floods,2024,Poland,Europe,Urban/Peri-urban,No Sky,"50,43","16,65",https://balkaninsight.com/wp-content/uploads/2024/09/12506104-e1726471947593.jpg
145,145,Norway Floods,2023,Norway,Europe,Urban/Peri-urban,No Sky,"60,83","10,06",https://images.foxweather.com/static.foxweather.com/www.foxweather.com/content/uploads/2023/08/1336/752/GettyImages-1587057992.jpg?ve=1&tl=1
146,146,Storm Henk Floods,2024,United Kingdom,Europe,Urban/Peri-urban,With Sky,"52,24","-0,89",https://floodlist.com/wp-content/uploads/2024/01/Flooding-Billing-Aquadome-Northampton-UK-follwing-Storm-henk-January-2024-Northamptonshire-Fire-and-Rescue-Service-1024x683.jpg
147,147,East Anglia Floods,2023,United Kingdom,Europe,Urban/Peri-urban,No Sky,"52,23","1,31",https://ichef.bbci.co.uk/news/1024/cpsprodpb/16BAC/production/_131500139_floodingneedhammarket.png.webp
148,148,Storm Henk Floods,2024,United Kingdom,Europe,Urban/Peri-urban,No Sky,"53,03","-1,16",https://www.theguardian.com/environment/2024/apr/11/flooded-farms-england-ineligible-compensation-distance-from-rivers#img-1
149,149,Storm Henk Floods,2024,United Kingdom,Europe,Urban/Peri-urban,No Sky,"53,22","-0,36",https://www.theguardian.com/environment/2024/apr/11/flooded-farms-england-ineligible-compensation-distance-from-rivers#img-2
150,150,South West England Floods,2023,United Kingdom,Europe,Urban/Peri-urban,No Sky,"51,99","-2,15",https://static.independent.co.uk/2023/01/11/14/SEI139922938.jpg?quality=75&width=1368&auto=webp
151,151,South West England Floods,2023,United Kingdom,Europe,Urban/Peri-urban,No Sky,"51,99","-2,16",https://static.independent.co.uk/2023/01/11/15/SEI139781969.jpg?quality=75&width=1368&auto=webp
152,152,South West England Floods,2023,United Kingdom,Europe,Urban/Peri-urban,With Sky,"52,18","-2,22",https://static.independent.co.uk/2023/01/11/15/SEI139698360.jpg?quality=75&width=1368&auto=webp
153,153,South West England Floods,2023,United Kingdom,Europe,Urban/Peri-urban,No Sky,"51,99","-2,15",https://static.independent.co.uk/2023/01/11/15/shocking-aerial-944140.jpg?quality=75&width=1368&auto=webp
154,154,Scotland Floods,2023,United Kingdom,Europe,Rural,No Sky,"57,18","-3,82",https://ichef.bbci.co.uk/news/1024/cpsprodpb/179F5/production/_131375769_flood2.jpg.webp
155,155,Northern Ireland Floods,2023,United Kingdom,Europe,Rural,No Sky,"54,32","-5,71",https://focus.belfasttelegraph.co.uk/thumbor/Ri_lVgtyRsFOpqVFuBC1rGLEoH4=/0x94:4500x3094/960x640/prod-mh-ireland/013233d8-465c-4c69-8163-bc78e8fcf345/280214d2-34ac-4ffa-8c9b-014f09812804/013233d8-465c-4c69-8163-bc78e8fcf345.jpg
156,156,River Shannon Floods,2023,Ireland,Europe,Rural,With Sky,"53,41","-7,93",https://annerabbitte.ie/wp-content/uploads/2023/11/Shannon-River-Flooding.jpeg
157,157,Central Europe Floods,2024,Hungary,Europe,Urban/Peri-urban,With Sky,"47,73","17,75",https://images.twnmm.com/c55i45ef3o2a/5xBr98cxdlAGxYFanL45o4/80805e5f0623ff45a04a5f21fbef3c1c/2024-09-17T184411Z_1_LYNXMPEK8G0NS_RTROPTP_4_EUROPE-WEATHER-CENTRALEUROPE-FLOODS-HUNGARY.jpeg?w=1920&q=80&fm=webp
158,158,Danube River Floods,2024,Austria,Europe,Urban/Peri-urban,No Sky,"48,29","14,34",https://foto.haberler.com/haber/2024/06/04/almanya-da-siddetli-yagisin-neden-oldugu-sellerde-17398106_2639_m.jpg
160,160,Central Europe Floods,2024,Austria,Europe,Urban/Peri-urban,With Sky,"48,2","15,51",https://cdn-fhofj.nitrocdn.com/YLARnxovRxHnoSTcLUnkvhePKVxPqkls/assets/images/optimized/rev-82a9287/www.ecowatch.com/wp-content/uploads/2024/09/flooding-austria.jpeg
161,161,Severe Rainstorm Floods,2024,Bosnia and Herzegovina,Europe,Urban/Peri-urban,No Sky,"43,8","18,11",https://www.irishexaminer.com/cms_media/module_img/8640/4320197_2_articlelarge_b7c10249545a4a26b5eee2096eba23f6.jpg.jpg
162,162,Severe Rainstorm Floods,2024,Austria,Europe,Urban/Peri-urban,With Sky,"48,26","13,04",https://www.rte.ie/news/europe/2024/0914/1470084-floods-eastern-europe/
163,163,Severe Rainstorm Floods,2024,Switzerland,Europe,Urban/Peri-urban,No Sky,"46,27","7,51",https://static.independent.co.uk/2024/06/30/10/Switzerland_Europe_Storms_28452.jpg?quality=75&width=1368&auto=webp
164,164,Severe Rainstorm Floods,2024,Switzerland,Europe,Urban/Peri-urban,With Sky,"46,27","7,51",https://static.independent.co.uk/2024/06/30/10/Switzerland_Europe_Storms_29835.jpg?quality=75&width=1368&auto=webp
165,165,Secchia River Floods,2024,Italy,Europe,Rural,No Sky,"44,67","10,91",https://scontent.fath3-4.fna.fbcdn.net/v/t39.30808-6/449076351_1081058970131577_2443042043237714499_n.jpg?stp=dst-jpg_p180x540&_nc_cat=103&ccb=1-7&_nc_sid=127cfc&_nc_ohc=0pqbVg3mt4sQ7kNvgGPt-lH&_nc_zt=23&_nc_ht=scontent.fath3-4.fna&_nc_gid=AxDPkouLQWwaiKNB-E3LGyf&oh=00_AYCFInht8m62H-eVl175X4Jaek0qt0rNVDxeV_lf8aGQHA&oe=673A7B9B
166,166,Uttendorf Floods,2024,Austria,Europe,Urban/Peri-urban,No Sky,"47,28","12,57",https://i.guim.co.uk/img/media/e5c200d193422720bb9b678a1916b17cd7a799fa/16_0_1968_1181/master/1968.jpg?width=1900&dpr=2&s=none&crop=none
167,167,Passau Floods,2024,Germany,Europe,Urban/Peri-urban,No Sky,"48,57","13,47",https://static.dw.com/image/16856530_1004.webp
168,168,Dutch Floods,2024,Netherlands,Europe,Urban/Peri-urban,With Sky,"51,83","5,58",https://www.commercialriskonline.com/wp-content/uploads/2024/06/Flooding_2014863566.jpg
169,169,Essen Floods,2022,Germany,Europe,Rural,No Sky,"51,37","6,97",https://i.guim.co.uk/img/media/375794e55e597cd5688b690937aba931e26c5c3d/171_0_5301_3180/master/5301.jpg?width=2000&quality=85&s=20748b1751d6ac0cdd374e9514171793
170,170,Saarbrücken Floods,2024,Germany,Europe,Urban/Peri-urban,With Sky,"49,22",7,https://thepeninsulaqatar.com/get/maximage/20240518_1716036736-275.jpeg?1716036736
171,171,Bratislava Floods,2024,Slovakia,Europe,Rural,No Sky,"48,17","16,97",https://image.smedata.sk/image/w660-h440/1ef75047-9a87-68fa-99d5-59bc0e9f4513.jpg
172,172,Esztergom Floods,2024,Hungary,Europe,Urban/Peri-urban,With Sky,"47,79","18,73",https://gdb.rferl.org/a1a876a4-5637-4362-91a7-fc6e379e5e08_cx0_cy10_cw0_w1597_n_r1_st_s.jpg
173,173,Wroclaw Floods,2024,Poland,Europe,Urban/Peri-urban,With Sky,"51,13","17,01",https://static.srpcdigital.com/styles/1037xauto/public/2024-09/789900_0.jpeg
175,175,Bohumin Floods,2024,Czech Republic,Europe,Urban/Peri-urban,With Sky,"49,91","18,35",https://image.bastillepost.com/1200x/wp-content/uploads/global/2024/09/APTOPIX_Czech_Republic_Central_Europe_Floods_83175.jpg.webp
176,176,Venek Floods,2024,Hungary,Europe,Urban/Peri-urban,No Sky,"47,73","17,75",https://image.bastillepost.com/1200x/wp-content/uploads/global/2024/09/Hungary_Floods_99054.jpg.webp
177,177,Venek Floods,2024,Hungary,Europe,Urban/Peri-urban,With Sky,"47,73","17,75",https://image.bastillepost.com/1200x/wp-content/uploads/global/2024/09/APTOPIX_Hungary_Central_Europe_Floods_57646.jpg.webp
178,178,Nysa Floods,2024,Poland,Europe,Rural,With Sky,"50,48","17,36",https://image.bastillepost.com/1200x/wp-content/uploads/global/2024/09/Poland_Central_Europe_Floods_70303-1.jpg.webp
179,179,Nysa Floods,2024,Poland,Europe,Rural,No Sky,"50,48","17,36",https://image.bastillepost.com/1200x/wp-content/uploads/global/2024/09/Poland_Central_Europe_Floods_22373-1.jpg.webp
181,181,Spain Floods,2024,Spain,Europe,Rural,No Sky,"39,57","-1,21",https://today-obs.line-scdn.net/0ho8L2bmYfMBdxSyFeVdFPQEkdPGZCLSoeU3kqdFNIPHcJZ3NJHyVjdFJOaztVfSNHUXl5cFxIbS5Ze35DTw/w1200
182,182,Spain Floods,2024,Spain,Europe,Rural,No Sky,"39,4","-0,36","https://media.cnn.com/api/v1/images/stellar/prod/flood-2024-10-31t150843z-363034819-rc2lvaaleqpj-rtrmadp-3-europe-weather-spain-harvest-jpg.jpg?q=w_1576,c_fill"
183,183,Spain Floods,2024,Spain,Europe,Rural,No Sky,"36,74","-5,84",https://thepeninsulaqatar.com/get/maximage/20241031_1730398471-610.jpg?1730398472
185,185,Spain Floods,2024,Spain,Europe,Rural,With Sky,"41,84","-1,2",https://www.ebroresilience.com/wp-content/uploads/2024/03/WhatsApp-Image-2024-03-01-at-21.49.01-1536x864.jpeg
186,186,Spain Floods,2024,Spain,Europe,Rural,With Sky,"41,84","-1,2",https://www.ebroresilience.com/wp-content/uploads/2024/03/WhatsApp-Image-2024-03-01-at-21.49.54-1536x1150.jpeg
187,187,Poland Floods,2024,Poland,Europe,Urban/Peri-urban,With Sky,"50,43","16,65",https://www.gfz-potsdam.de/fileadmin/_processed_/a/8/csm_20241030_Hochwasser_K%C5%82odzko_Polen_2024-09-15_Jacek_Halicki_CC_BY_SA_4.0_wikimedia_commons_2_4a4d0060a6.jpg
189,189,"Londonderry, Weston",2023,United Kingdom,Europe,Urban/Peri-urban,No Sky,"55,01","-7,3",https://www.benningtonbanner.com/local-news/londonderry-weston-hard-hit-by-flooding/article_91c4834c-1f25-11ee-8890-c3170787c0e1.html
190,190,Worcester city Floods,2024,United Kingdom,Europe,Urban/Peri-urban,No Sky,"52,19","-2,22",https://static.independent.co.uk/2024/01/05/08/e5e7fa31c0871c3b58421999ba7ca700Y29udGVudHNlYXJjaGFwaSwxNzA0NTI3MzAy-2.74991411.jpg?quality=75&width=1250&crop=3%3A2%2Csmart&auto=webp
191,191,Saarbrücken Floods,2024,Germany,Europe,Urban/Peri-urban,No Sky,"49,23","6,98",https://img.lemde.fr/2024/05/18/0/0/4000/3000/700/0/75/0/1c107c8_bcee33fc63554fd88946350d1b95f3bf-0-033a2f12199e44b0be933bcb70e4d4cc.jpg
192,192,France Floods,2023,France,Europe,Urban/Peri-urban,No Sky,"50,67","1,61",https://www.theguardian.com/world/2023/nov/15/state-of-emergency-declared-in-parts-of-france-after-record-rainfall
193,193,France Floods,2023,France,Europe,Urban/Peri-urban,With Sky,"50,47","1,72",https://www.theguardian.com/world/2023/nov/15/state-of-emergency-declared-in-parts-of-france-after-record-rainfall
194,194,West Midlands Floods,2024,United Kingdom,Europe,Rural,No Sky,"52,54","-2,06",https://www.cbc.ca/news/world/flood-heavy-rain-europe-1.7075869
196,196,West Midlands Floods,2024,United Kingdom,Europe,Rural,No Sky,"52,54","-2,06",https://www.cbc.ca/news/world/flood-heavy-rain-europe-1.7075869
197,197,West Midlands Floods,2024,United Kingdom,Europe,Rural,No Sky,"52,52","-2,03",https://www.cbc.ca/news/world/flood-heavy-rain-europe-1.7075869
199,199,Worcestershire's New Road Floods,2024,United Kingdom,Europe,Urban/Peri-urban,No Sky,"52,18","-2,22",https://ichef.bbci.co.uk/ace/standard/976/cpsprodpb/10240/production/_132621166_floodie.jpg.webp
202,202,California Atmospheric Rivers Floods,2023,United States,North America,Urban/Peri-urban,No Sky,"38,41","-122,83",https://images.axios.com/RxBxpC3g3ABrMH4ZvlmctSk43WQ=/2023/01/06/1672974779590.jpg
203,203,California Atmospheric Rivers Floods,2023,United States,North America,Urban/Peri-urban,With Sky,"36,96","-122,04",https://images.axios.com/uB4LraeiBNCKVLx6RXJvVxOi788=/0x0:4306x2422/1920x1080/2023/03/12/1678640912144.jpg?w=1920
204,204,California Atmospheric Rivers Floods,2023,United States,North America,Urban/Peri-urban,With Sky,"36,9","-121,74",https://images.axios.com/g4wJWoDhJ6bW7xr-KfNhyx4w5Fk=/2023/03/12/1678641029693.jpg
205,205,California Atmospheric Rivers Floods,2023,United States,North America,Urban/Peri-urban,No Sky,"36,9","-121,74",https://images.axios.com/8MIhMecFmkeIrr8zJ3cFpN3fZ6I=/2023/03/12/1678641092006.jpg
207,207,California Atmospheric Rivers Floods,2023,United States,North America,Rural,With Sky,"35,89","-119,27",https://images.axios.com/NSyJI3xR7ew70_D5xv4qYvMC6T0=/2023/03/12/1678641569273.jpg
208,208,California Atmospheric Rivers Floods,2023,United States,North America,Rural,With Sky,"36,9","-121,74",https://images.axios.com/JmS5yh2sh5k1rY7A1ZHr2-ETW4c=/2023/03/12/1678641369375.jpg
209,209,California Atmospheric Rivers Floods,2023,United States,North America,Rural,No Sky,"36,9","-121,74",https://images.axios.com/p86hsEiFfzv4lAXQEXv5rpKgLsc=/2023/03/12/1678641468630.jpg
210,210,California Atmospheric Rivers Floods,2024,United States,North America,Rural,No Sky,"38,23","-122,64",https://images.axios.com/88jD1ScOwpCcOCAfwM6y8_99vu8=/0x68:3833x2224/1920x1080/2024/02/05/1707099504827.jpg?w=1920
212,212,California Atmospheric Rivers Floods,2023,United States,North America,Rural,No Sky,"37,01","-121,6",https://i.abcnewsfe.com/a/4e3baf1f-33b0-4f7d-acf0-71cd82c313bf/1-california-floods-gty-rc-230112_1673534720482_hpEmbed_1_12x7.jpg?w=992
213,213,California Atmospheric Rivers Floods,2023,United States,North America,Rural,No Sky,"37,28","-120,32",https://i.abcnewsfe.com/a/439552e8-daee-4332-a4c8-a0e77be77a42/5-california-floods-gty-rc-230112_1673538711841_hpEmbed_22x13.jpg?w=992
214,214,California Atmospheric Rivers Floods,2023,United States,North America,Rural,With Sky,"37,31","-120,5",https://i.abcnewsfe.com/a/177c862a-4c10-4aca-8e31-872a6c09b81d/8-california-floods-sh-rc-230113_1673622520386_hpEmbed_3x2.jpg?w=992
215,215,California Atmospheric Rivers Floods,2023,United States,North America,Rural,No Sky,"37,35","-120,6",https://i.abcnewsfe.com/a/1e8f5efc-f661-469e-bb86-6000724a50a0/weather-california-flooding-aerial-rt-lv-230113_1673638577953_hpEmbed_3x2.jpg?w=992
216,216,California Atmospheric Rivers Floods,2023,United States,North America,Rural,With Sky,"37,29","-120,31",https://i.abcnewsfe.com/a/2ddb84af-cbf3-4cda-809b-28f4f4fde8b7/weather-california-flooding-aerial-gty-lv-230113_1673638577949_hpEmbed_13x8.jpg?w=992
217,217,California Atmospheric Rivers Floods,2023,United States,North America,Rural,With Sky,"38,8","-121,7","https://www.capradio.org/cdn-cgi/image/format=auto,width=1200/media/12267740/2023_01_09_kj_0026_storms_drone-p.jpg"
219,219,California Atmospheric Rivers Floods,2023,United States,North America,Urban/Peri-urban,With Sky,"36,9","-121,74",https://img.buzzfeed.com/buzzfeed-static/static/2023-03/15/15/asset/8a1da4e2a31d/sub-buzz-1061-1678895771-2.jpg?downsize=1600:*&output-format=auto&output-quality=auto
221,221,California Atmospheric Rivers Floods,2023,United States,North America,Urban/Peri-urban,No Sky,"36,9","-121,74",https://img.buzzfeed.com/buzzfeed-static/static/2023-03/15/15/asset/d53e06480101/sub-buzz-747-1678895781-8.jpg?downsize=1600:*&output-format=auto&output-quality=auto
222,222,California Atmospheric Rivers Floods,2023,United States,North America,Urban/Peri-urban,No Sky,"37,29","-120,31",https://ca-times.brightspotcdn.com/dims4/default/f8020fb/2147483647/strip/true/crop/4858x2785+0+0/resize/2160x1239!/format/webp/quality/75/?url=https%3A%2F%2Fcalifornia-times-brightspot.s3.amazonaws.com%2F1b%2Fb7%2F200fd8314684a914831da9ad811b%2Fhttps-delivery-gettyimages.com%2Fdownloads%2F1246135872
224,224,California Atmospheric Rivers Floods,2023,United States,North America,Rural,No Sky,"38,5","-123,01",https://www.aljazeera.com/wp-content/uploads/2023/01/2023-01-15T165310Z_381686286_RC2VQY9D70C7_RTRMADP_3_USA-WEATHER-CALIFORNIA.jpg?w=770&resize=770%2C550&quality=80
225,225,California Atmospheric Rivers Floods,2023,United States,North America,Urban/Peri-urban,No Sky,"36,9","-121,74",https://www.theguardian.com/us-news/2023/mar/13/california-weather-atmospheric-river-flooding
226,226,California Atmospheric Rivers Floods,2023,United States,North America,Urban/Peri-urban,With Sky,"36,9","-121,74",https://media.npr.org/assets/img/2023/03/12/gettyimages-1248040321_wide-766638a8c4e24a3a970eb987d0d82557b27ec211.jpg?s=1100&c=85&f=webp
228,228,California Atmospheric Rivers Floods,2023,United States,North America,Urban/Peri-urban,With Sky,"37,29","-120,41",https://www.theguardian.com/us-news/2023/jan/11/california-storms-latest-atmospheric-river
229,229,California Atmospheric Rivers Floods,2024,United States,North America,Urban/Peri-urban,No Sky,"36,68","-121,66",https://www.theguardian.com/us-news/2023/mar/15/what-are-atmospheric-rivers-explainer
231,231,California Atmospheric Rivers Floods,2023,United States,North America,Urban/Peri-urban,No Sky,"36,89","-121,74",https://s.w-x.co/util/image/w/gettyimages-1248047706.jpg?crop=16:9&width=980&format=pjpg&auto=webp&quality=60
232,232,California Atmospheric Rivers Floods,2023,United States,North America,Urban/Peri-urban,No Sky,"36,89","-121,74",https://s.w-x.co/util/image/w/gettyimages-1248048140.jpg?crop=16:9&width=980&format=pjpg&auto=webp&quality=60
233,233,California Atmospheric Rivers Floods,2023,United States,North America,Urban/Peri-urban,With Sky,"36,89","-121,74",https://s.w-x.co/util/image/w/gettyimages-1248048244.jpg?crop=16:9&width=980&format=pjpg&auto=webp&quality=60
234,234,California Atmospheric Rivers Floods,2023,United States,North America,Rural,No Sky,"36,98","-121,92",https://s.w-x.co/util/image/w/ap23071814006660.jpg?crop=16:9&width=980&format=pjpg&auto=webp&quality=60
235,235,California Atmospheric Rivers Floods,2023,United States,North America,Rural,No Sky,"36,87","-121,79",https://s.w-x.co/util/image/w/ap23071817462748.jpg?crop=16:9&width=980&format=pjpg&auto=webp&quality=60
237,237,Potter County Floods,2023,United States,North America,Rural,With Sky,"35,46","-101,88",https://abc7amarillo.com/resources/media2/original/full/1248/center/80/4713a653-b499-4714-b377-4c4c33379553-PotterCountyflooding.PNG
238,238,Tulare Lake Floods,2023,United States,North America,Rural,With Sky,"36,18","-119,82",https://ca-times.brightspotcdn.com/dims4/default/8bd2689/2147483647/strip/true/crop/2763x1688+0+0/resize/1200x733!/format/webp/quality/75/?url=https%3A%2F%2Fcalifornia-times-brightspot.s3.amazonaws.com%2F31%2Fef%2F86cc27c14e18be3d3093edd1feec%2F1276144-me-0330-tulare-lake-11-rcg.jpg
239,239,Tulare Lake Floods,2023,United States,North America,Rural,With Sky,"36,18","-119,83",https://www.fresnobee.com/latest-news/swqt2c/picture273547515/alternates/LANDSCAPE_1140/FRS_tularelakegriswold_01
240,240,Tulare Lake Floods,2023,United States,North America,Rural,No Sky,"36,16","-119,82",https://static.independent.co.uk/2023/05/24/17/newFile-5.jpg?quality=75&width=1368&auto=webp
241,241,Tulare Lake Floods,2023,United States,North America,Rural,With Sky,"35,86","-119,38",https://grist.org/wp-content/uploads/2023/03/Tulare-flooding.jpg?w=1536
242,242,Amarillo Floods,2023,United States,North America,Urban/Peri-urban,With Sky,"35,22","-101,82",https://www.newschannel10.com/gallery/2023/06/08/olsen-blvd-businesses-impacted-by-flooding/
243,243,Amarillo Floods,2023,United States,North America,Urban/Peri-urban,With Sky,"35,22","-101,82",https://www.newschannel10.com/gallery/2023/06/08/olsen-blvd-businesses-impacted-by-flooding/
244,244,Amarillo Floods,2023,United States,North America,Urban/Peri-urban,With Sky,"35,22","-101,82",https://www.newschannel10.com/gallery/2023/06/08/olsen-blvd-businesses-impacted-by-flooding/
245,245,Amarillo Floods,2023,United States,North America,Urban/Peri-urban,With Sky,"35,22","-101,82",https://www.newschannel10.com/gallery/2023/06/08/olsen-blvd-businesses-impacted-by-flooding/
246,246,Amarillo Floods,2023,United States,North America,Urban/Peri-urban,With Sky,"35,22","-101,82",https://www.newschannel10.com/gallery/2023/06/08/olsen-blvd-businesses-impacted-by-flooding/
247,247,Canadian River Floods,2023,United States,North America,Rural,No Sky,"35,46","-101,88",https://www.weather.gov/images/ama/events/2023/May/LateMay-EarlyJune_Flooding/Rodney%20Bastow%20Canadian%20River%20FL.jpg
248,248,Texas Floods,2024,United States,North America,Rural,No Sky,"30,02","-95,17",https://www.myhighplains.com/wp-content/uploads/sites/87/2024/05/6636e1824e6560.88844890.jpeg?w=960&h=540&crop=1
249,249,Vermont Floods,2023,United States,North America,Urban/Peri-urban,No Sky,"44,26","-72,58",https://www.uvm.edu/news/story/uvms-spatial-analysis-lab-drone-team-plays-crucial-role-response-vermont-flooding
250,250,Vermont Floods,2023,United States,North America,Urban/Peri-urban,With Sky,"44,64","-72,83",https://www.uvm.edu/content/shared/files/styles/1200/public/uvm-today/cambridge_11july2023_915x610.jpg?t=rzuy70
251,251,Vermont Floods,2023,United States,North America,Urban/Peri-urban,With Sky,"44,64","-72,83",https://www.uvm.edu/content/shared/files/styles/1200/public/uvm-today/jeffersonville_farm_12july2023.jpg?t=rzuy70
252,252,Vermont Floods,2023,United States,North America,Urban/Peri-urban,No Sky,"43,22","-72,8",https://npr.brightspotcdn.com/dims4/default/91222b3/2147483647/strip/true/crop/1280x960+0+0/resize/1760x1320!/format/webp/quality/90/?url=http%3A%2F%2Fnpr-brightspot.s3.amazonaws.com%2F6e%2Fd6%2F10b072ba4184ae31fe3ae1599ae6%2Flondonderry-flood-vermontpublic-07102023.jpeg
253,253,Vermont Floods,2023,United States,North America,Urban/Peri-urban,With Sky,"44,64","-72,82",https://npr.brightspotcdn.com/dims4/default/d7bec92/2147483647/strip/true/crop/3840x2160+0+0/resize/1760x990!/format/webp/quality/90/?url=http%3A%2F%2Fnpr-brightspot.s3.amazonaws.com%2F96%2F53%2Ffe87a7024c4db5a10d714affb170%2Fjeffersonville-flooding-drone-courtesy-sam-davies-20230711.jpg
254,254,Vermont Floods,2023,United States,North America,Urban/Peri-urban,No Sky,"44,26","-72,58",https://www.uvm.edu/news/story/after-floods
257,257,Pennsylvania Floods,2023,United States,North America,Rural,No Sky,"42,31","-72,67",https://whdh.com/wp-content/uploads/sites/3/2023/07/northampton-hampshire-county-flooding-071223.jpg
258,258,Southwestern Butler County Floods,2024,United States,North America,Urban/Peri-urban,No Sky,"40,78","-80,15",https://imengine.public.prod.bte.navigacloud.com/?uuid=805c0274-2dbb-5400-86ce-169ba1ac0ecf&function=cover&type=preview&source=false&width=2400&height=1350
259,259,Southwestern Butler County Floods,2024,United States,North America,Urban/Peri-urban,With Sky,"40,8","-80,12",https://imengine.public.prod.bte.navigacloud.com/?uuid=8010c866-8e46-5783-b6e5-9abf653a082c&function=cover&type=preview&source=false&width=2400&height=1350
260,260,New York Floods,2023,United States,North America,Urban/Peri-urban,No Sky,"41,34","-73,81",https://wpcdn.zenger.news/wp-content/uploads/2023/07/13115326/feat_31859b8e-0a6e-40b9-ade2-a0736e9b88eb.jpg
262,262,Nova Scotia Floods,2023,Canada,North America,Urban/Peri-urban,No Sky,"44,72","-63,68",https://wayemason.ca/2023/07/22/flood-impacts-update-2-jul-22-3pm/
263,263,Nova Scotia Floods,2023,Canada,North America,Urban/Peri-urban,No Sky,"44,72","-63,68",https://wayemason.ca/2023/07/22/flood-impacts-update-2-jul-22-3pm/
264,264,Nova Scotia Floods,2023,Canada,North America,Urban/Peri-urban,With Sky,"44,72","-63,68",https://i0.wp.com/www.halifaxexaminer.ca/wp-content/uploads/2023/07/bedford-flooding.png?resize=1536%2C1144&ssl=1
266,266,Nova Scotia Floods,2023,Canada,North America,Rural,No Sky,"44,98","-64,04",https://scontent.fath4-2.fna.fbcdn.net/v/t39.30808-6/361107586_647190170779380_7556969854338023255_n.jpg?_nc_cat=105&ccb=1-7&_nc_sid=833d8c&_nc_ohc=n_EAd7qvHasQ7kNvgEfE22p&_nc_zt=23&_nc_ht=scontent.fath4-2.fna&_nc_gid=AKdzDjNj5T1pX1YeptJQVve&oh=00_AYAAONlaLiu8uJ-qjk3Y7MvUJxjn-3Zw1eELW3nPcwJjhg&oe=6747B941
267,267,Ottawa River Floods,2023,Canada,North America,Rural,With Sky,"45,47","-75,43",https://i.cbc.ca/1.6837044.1683639193!/fileImage/httpImage/image.JPG_gen/derivatives/original_1180/ottawa-river-flood-cumberland-2023.JPG
268,268,Washington Floods,2023,United States,North America,Rural,With Sky,"48,24","-122,36",https://i.guim.co.uk/img/media/b77a12ec9ec0022fe99643bce29e89843bbdd2a7/0_0_3908_2605/master/3908.jpg?width=1900&dpr=2&s=none&crop=none
270,270,Western Alaska Floods,2024,United States,North America,Urban/Peri-urban,No Sky,"60,69","-161,97",https://www.adn.com/resizer/ywAqod2gs46nb49mHeKnd3iV7OI=/1440x0/filters:format(jpg):quality(70)/cloudfront-us-east-1.images.arcpublishing.com/adn/3KEYWJEBUNCATJ5NZNG637QKLU.jpg
273,273,Western Alaska Floods,2024,United States,North America,Urban/Peri-urban,No Sky,"60,69","-161,97",https://dims.apnews.com/dims4/default/f03f649/2147483647/strip/true/crop/1920x1080+0+0/resize/2880x1620!/format/webp/quality/90/?url=https%3A%2F%2Fassets.apnews.com%2F73%2Fd6%2F909164368ec4db996304fdfc61d3%2F731b8347c3a44d80ab8072e6c871bdc7
274,274,Western Alaska Floods,2024,United States,North America,Urban/Peri-urban,No Sky,"60,69","-161,97",https://dims.apnews.com/dims4/default/fc12144/2147483647/strip/true/crop/1920x1080+0+0/resize/2880x1620!/format/webp/quality/90/?url=https%3A%2F%2Fassets.apnews.com%2Fac%2Fdf%2Fa58b8ba645f1e0e809a3771e0ced%2F3c6383e7a43644f68aee6d2c0c4db21a
275,275,Sioux Rapids Floods,2024,United States,North America,Urban/Peri-urban,With Sky,"42,89","-95,15",https://www.ktiv.com/2024/06/22/gallery-continued-flooding-siouxland-area-6222024/
276,276,Sioux Rapids Floods,2024,United States,North America,Urban/Peri-urban,With Sky,"42,89","-95,15",https://www.ktiv.com/2024/06/22/gallery-continued-flooding-siouxland-area-6222024/
277,277,Monona County Floods,2024,United States,North America,Rural,No Sky,"42,02","-95,98",https://www.ktiv.com/2024/06/22/gallery-continued-flooding-siouxland-area-6222024/
278,278,Monona County Floods,2024,United States,North America,Rural,No Sky,"42,05","-96,02",https://www.ktiv.com/2024/06/22/gallery-continued-flooding-siouxland-area-6222024/
279,279,Le Mars Iowa Floods,2024,United States,North America,Urban/Peri-urban,No Sky,"42,78","-96,17",https://www.ktiv.com/2024/06/22/gallery-continued-flooding-siouxland-area-6222024/
280,280,Le Mars Iowa Floods,2024,United States,North America,Urban/Peri-urban,With Sky,"42,78","-96,17",https://www.ktiv.com/2024/06/22/gallery-continued-flooding-siouxland-area-6222024/
281,281,Hawarden Iowa Floods,2024,United States,North America,Urban/Peri-urban,No Sky,"42,99","-96,48",https://www.ktiv.com/2024/06/22/gallery-continued-flooding-siouxland-area-6222024/
282,282,Hwy 75 Iowa Floods,2024,United States,North America,Rural,With Sky,"42,88","-96,17",https://www.ktiv.com/2024/06/22/gallery-continued-flooding-siouxland-area-6222024/
283,283,Hwy 75 Iowa Floods,2024,United States,North America,Rural,With Sky,"42,89","-96,17",https://www.ktiv.com/2024/06/22/gallery-continued-flooding-siouxland-area-6222024/
284,284,Hwy 75 Iowa Floods,2024,United States,North America,Rural,With Sky,"42,85","-96,17",https://www.ktiv.com/2024/06/22/gallery-continued-flooding-siouxland-area-6222024/
285,285,Alton Iowa Floods,2024,United States,North America,Urban/Peri-urban,With Sky,"42,99",-96,https://www.ktiv.com/2024/06/22/gallery-continued-flooding-siouxland-area-6222024/
286,286,Alton Iowa Floods,2024,United States,North America,Urban/Peri-urban,No Sky,"42,98",-96,https://www.ktiv.com/2024/06/22/gallery-continued-flooding-siouxland-area-6222024/
287,287,Alton Iowa Floods,2024,United States,North America,Urban/Peri-urban,With Sky,"42,98",-96,https://www.ktiv.com/2024/06/22/gallery-continued-flooding-siouxland-area-6222024/
288,288,Alton Iowa Floods,2024,United States,North America,Urban/Peri-urban,No Sky,"42,98",-96,https://www.ktiv.com/2024/06/22/gallery-continued-flooding-siouxland-area-6222024/
289,289,Alton Iowa Floods,2024,United States,North America,Urban/Peri-urban,No Sky,"42,98",-96,https://www.ktiv.com/2024/06/22/gallery-continued-flooding-siouxland-area-6222024/
291,291,Spencer Iowa Floods,2024,United States,North America,Rural,No Sky,"43,15","-95,23",https://www.ktiv.com/2024/06/22/gallery-continued-flooding-siouxland-area-6222024/
292,292,Spencer Iowa Floods,2024,United States,North America,Rural,With Sky,"43,16","-95,25",https://www.ktiv.com/2024/06/22/gallery-continued-flooding-siouxland-area-6222024/
293,293,Spencer Iowa Floods,2024,United States,North America,Rural,With Sky,"43,16","-95,25",https://www.ktiv.com/2024/06/22/gallery-continued-flooding-siouxland-area-6222024/
294,294,Spencer Iowa Floods,2024,United States,North America,Rural,No Sky,"43,16","-95,25",https://www.ktiv.com/2024/06/22/gallery-continued-flooding-siouxland-area-6222024/
295,295,South Dakota Floods,2024,United States,North America,Urban/Peri-urban,With Sky,"43,57","-96,58",https://fortune.com/img-assets/wp-content/uploads/2024/06/AP24175126289327-e1719219170871.jpg?w=1440&q=75
297,297,Rock Valley Iowa Floods,2024,United States,North America,Urban/Peri-urban,No Sky,"43,19","-96,31",https://d3i6fh83elv35t.cloudfront.net/static/2024/06/2024-06-23T040501Z_1815623155_RC2SG8A4B45C_RTRMADP_3_USA-WEATHER-FLOODS-DRONE-1200x674.jpg
298,298,Colorado Floods,2024,United States,North America,Urban/Peri-urban,No Sky,"40,39","-104,76",https://assets1.cbsnewsstatic.com/hub/i/r/2024/05/29/6066ae92-8405-4024-9588-e88373ac1ca3/thumbnail/1240x698/98b02d77cf5e8a8a1c211a2ae1042175/flooding-5.jpg?v=e3aa8b4a58817620ee227c79202c9709
299,299,Washington County Floods,2024,United States,North America,Rural,With Sky,"41,54","-96,11",https://delta.creativecirclecdn.com/enterprise/large/20240628-125012-6b4-Flood%20impact7.jpg
301,301,Rio Grande do Sul Floods,2024,Brazil,South America,Urban/Peri-urban,No Sky,"-30,05","-51,22",https://www.reuters.com/resizer/v2/VZHRYWJDJZMBZBNVLFOLWC4NNQ.jpg?auth=dc675808851487f32db4696b7c552ae0522433f34adfdbd776009e96d76cbe93&width=1920&quality=80
302,302,Rio Grande do Sul Floods,2024,Brazil,South America,Urban/Peri-urban,No Sky,"-29,24","-51,86",https://www.reuters.com/resizer/v2/YEF6NYDTUZPH5MCHBNWKXOJNDE.jpg?auth=192807611cfe4326db087183e959626d8ccc7a8923e44c38a074ecbe18e41c38&width=1920&quality=80
303,303,Rio Grande do Sul Floods,2024,Brazil,South America,Urban/Peri-urban,With Sky,"-30,05","-51,22",https://www.reuters.com/resizer/v2/LLP7BGIHTZPFHO5GWRT46HFYII.jpg?auth=aa5e38506408b126a7e06697a267528f797942a38615b71fe842eb624c6fff85&width=1920&quality=80
305,305,Rio Grande do Sul Floods,2024,Brazil,South America,Urban/Peri-urban,No Sky,"-29,97","-51,19",https://www.reuters.com/resizer/v2/RU2ASWIXO5LNDACFI2SH3JYCTQ.jpg?auth=a11d8ba02926e99958dd1e59b5c8c81730361600045f11bb35dd0e1f165c9e1d&width=1920&quality=80
306,306,Rio Grande do Sul Floods,2024,Brazil,South America,Urban/Peri-urban,No Sky,"-29,87","-51,17",https://www.reuters.com/resizer/v2/4SJOKM7WEZKIVMZWCD4K32QG4I.jpg?auth=d877d0157cbbb997c426c29137059578f8419afed541b100098d17784e694d0a&width=1920&quality=80
307,307,Rio Grande do Sul Floods,2024,Brazil,South America,Urban/Peri-urban,No Sky,"-30,05","-51,22",https://www.reuters.com/resizer/v2/DUQS2BY7PFOCPANQH6ZTPYIIEI.jpg?auth=862c6cc865ea56136c8bc0f7ce2996af651c447fc2768026d6960f501147a260&width=1920&quality=80
308,308,Rio Grande do Sul Floods,2024,Brazil,South America,Urban/Peri-urban,No Sky,"-30,03","-51,21",https://www.reuters.com/resizer/v2/2NTSTKDCNNLZRB7IK4VEE5UTVY.jpg?auth=b4dc964a9c399e037a95a7581db025614da86866457d98d84a89530e4f4167c8&width=1920&quality=80
309,309,Rio Grande do Sul Floods,2024,Brazil,South America,Urban/Peri-urban,With Sky,"-30,02","-51,22",https://www.reuters.com/resizer/v2/GXTHMAY62RJNFG3EHPVNE665AY.jpg?auth=bf9b6e828c4911617a0ae0a2c41ca3a04ca82bf0297ea556c3f94c61984905c5&width=1920&quality=80
310,310,Rio Grande do Sul Floods,2024,Brazil,South America,Urban/Peri-urban,No Sky,"-29,45","-51,95",https://www.reuters.com/resizer/v2/KR53ITO2FZKD7MJZKCGBOXO6TI.jpg?auth=fd5a5c5254266d62f8b915e539db067c75c4b383ddc67bfb0e7bead9715a429f&width=1920&quality=80
311,311,Rio Grande do Sul Floods,2024,Brazil,South America,Urban/Peri-urban,No Sky,-30,"-51,31",https://www.reuters.com/resizer/v2/6BSWKSFOQFM5XHNEAR5PYRL67I.jpg?auth=721e350e07d62d70d0b4f580bd350f8cf6b3dc3058d2a784e3efe98c580970ce&width=1920&quality=80
312,312,Rio Grande do Sul Floods,2024,Brazil,South America,Urban/Peri-urban,No Sky,"-30,05","-51,22",https://www.reuters.com/resizer/v2/NDMLS5I4XZIFDE6ZLJ7XJX7DJA.jpg?auth=c30410c51565014c09b370b90d7d69f1dde071c58e5f3e830e3810b5884b1ee1&width=1920&quality=80
314,314,Rio Grande do Sul Floods,2024,Brazil,South America,Urban/Peri-urban,No Sky,"-29,99","-51,31",https://www.reuters.com/resizer/v2/NL2OKVOSQJJ7PF5BRROI3J3SLI.jpg?auth=67b689579b6845e2c4806dee63e928383e74ab39078daf698acf28c8e33b73b5&width=1920&quality=80
315,315,Rio Grande do Sul Floods,2024,Brazil,South America,Urban/Peri-urban,No Sky,"-29,97","-51,19",https://www.reuters.com/resizer/v2/HXMT2KCL7NMYHFKRHPVWJBAYK4.jpg?auth=29518dee8892eb979c0f5918fc4e5db0512cf5428bd9c1100c011a279f3ab96d&width=1920&quality=80
316,316,Rio Grande do Sul Floods,2023,Brazil,South America,Urban/Peri-urban,No Sky,"-29,47","-51,95",https://www.nytimes.com/2023/09/06/world/americas/brazil-cyclone-floods-rio-grande-do-sol.html
317,317,Rio Grande do Sul Floods,2023,Brazil,South America,Urban/Peri-urban,With Sky,"-29,46","-51,96",https://www.nytimes.com/2023/09/06/world/americas/brazil-cyclone-floods-rio-grande-do-sol.html
318,318,Rio Grande do Sul Floods,2024,Brazil,South America,Urban/Peri-urban,With Sky,"-29,66","-51,33",https://www.aljazeera.com/wp-content/uploads/2024/05/AFP__20240502__34QR6AQ__v1__Preview__BrazilWeatherFloods-1714715505.jpg?fit=1170%2C780&quality=80
319,319,Rio Grande do Sul Floods,2024,Brazil,South America,Urban/Peri-urban,With Sky,"-30,05","-51,22",https://www.aljazeera.com/wp-content/uploads/2024/05/12203085-1714978868.jpg?resize=1170%2C780&quality=80
320,320,Rio Grande do Sul Floods,2024,Brazil,South America,Urban/Peri-urban,No Sky,"-30,05","-51,22",https://www.aljazeera.com/wp-content/uploads/2024/05/GettyImages-2151120384-1714978898.jpg?fit=1170%2C780&quality=80
322,322,Rio Grande do Sul Floods,2024,Brazil,South America,Urban/Peri-urban,No Sky,"-29,99","-51,17",https://edition.cnn.com/2024/05/08/weather/brazil-flooding-satellite-imagery-intl/index.html
323,323,Rio Grande do Sul Floods,2024,Brazil,South America,Urban/Peri-urban,With Sky,"-29,99","-51,17",https://static01.nyt.com/images/2024/05/08/multimedia/08Brazil-Floods-Photos-05-mgzv/08Brazil-Floods-Photos-05-mgzv-superJumbo.jpg?quality=75&auto=webp
324,324,Taió Santa Catarina Floods,2023,Brazil,South America,Urban/Peri-urban,With Sky,"-27,11","-49,99",https://floodlist.com/wp-content/uploads/2023/10/Floods-in-the-city-of-Taio-Santa-Catarina-Brazil-October-2023-Photo-Government-of-Santa-Catarina.jpg
325,325,Paraguay Floods,2023,Paraguay,South America,Rural,No Sky,"-22,55","-55,9",https://watchers.news/wp-content/uploads/2023/02/Paraguay-communities-cut-off-by-flooded-rivers-in-Amambay-Department-1.jpg
326,326,Chile Floods,2023,Chile,South America,Urban/Peri-urban,No Sky,"-34,98","-71,99",https://www.wsws.org/asset/a44f5927-0de7-4634-8698-81f20eae9738?rendition=image1280
327,327,Peru Floods,2023,Peru,South America,Rural,No Sky,"-6,67","-79,9",https://www.dw.com/en/peru-6-dead-after-cyclone-yaku-emergency-declared/a-64959081
331,331,Rio Grande do Sul Floods,2023,Brazil,South America,Rural,No Sky,"-29,91","-51,23",https://english.news.cn/20231126/624b75ccd8d54ceba03ee1084c70c0c7/20231126624b75ccd8d54ceba03ee1084c70c0c7_2023112677b5cd2f3e8a46eebe1899c84260b37d.jpg
333,333,Hurricane Ernesto Floods,2024,Puerto Rico,South America,Rural,No Sky,"18,43","-66,25",https://www.yourbasin.com/wp-content/uploads/sites/78/2024/08/66bdbcbdb85336.27303306.jpeg?w=960&h=540&crop=1
334,334,Rio Grande do Sul Floods,2024,Brazil,South America,Rural,No Sky,"-30,02","-51,21","https://www.surfer.com/.image/w_1080,q_auto:good,c_fill,ar_16:10,g_xy_center,x_2029,y_1141/MjA2MzQzMzA4MTQ5MDA4MDc4/porto-alegre-in-brazil.jpg"
335,335,Florida Department Floods,2024,Uruguay,South America,Rural,With Sky,"-34,17","-56,25",https://floodlist.com/wp-content/uploads/2024/03/Floods-in-Uruguay-March-2024-SINAE.jpg
336,336,Esmeraldas Province Floods,2023,Ecuador,South America,Rural,With Sky,"0,96","-79,66",https://floodlist.com/wp-content/uploads/2023/06/1-Flood-rescue-Esmeraldas-Ecuador-June-2023-FFAAECUADOR.jpeg
337,337,Rio Grande do Sul Floods,2024,Brazil,South America,Urban/Peri-urban,With Sky,"-29,99","-51,15",https://dialogue.earth/content/uploads/2024/05/20240523_Porto-Alegres-international-airport-in-flood_Gustavo-Garbino_PMPA.jpg
338,338,Rio Grande do Sul Floods,2024,Brazil,South America,Urban/Peri-urban,No Sky,"-30,03","-51,21",https://dialogue.earth/content/uploads/2024/05/20240523_-An-aerial-view-of-a-flooded-road-and-bridge-_Gustavo-Garbino_PMPA.jpg
339,339,Rio Grande do Sul Floods,2024,Brazil,South America,Urban/Peri-urban,No Sky,"-30,02","-51,19",https://dialogue.earth/content/uploads/2024/05/20240523-A-footbridge-in-Porto-Alegre-in-flooded-areas_Gustavo-Garbino_PMPA.jpg
341,341,Bolivia Floods,2024,Bolivia,South America,Urban/Peri-urban,No Sky,"-11,01","-68,75",https://media.assettype.com/outlookindia/2024-02/02623d50-a763-47bd-9bee-d9924e5175db/Bolivia_Floods_1.jpg??w=1080&auto=format%2Ccompress&fit=max
342,342,Brasiléia Floods,2024,Brazil,South America,Urban/Peri-urban,No Sky,"-10,99","-68,74",https://sumauma.com/wp-content/uploads/2024/04/02.brasileia_aerea-1-1920x1259.jpg
343,343,Paysandú Floods,2024,Uruguay,South America,Rural,No Sky,"-32,31","-58,01",https://dialogue.earth/content/uploads/2024/03/Inundacion-Salto_Fuente-DINAGUA.jpg
345,345,Hualqui Floods,2023,Chile,South America,Urban/Peri-urban,No Sky,"-36,97","-72,93",https://www.aljazeera.com/wp-content/uploads/2023/06/33KZ67W-highres-1687761348.jpg
346,346,Hualqui Floods,2023,Chile,South America,Urban/Peri-urban,No Sky,"-36,97","-72,94",https://www.aljazeera.com/wp-content/uploads/2023/06/33KZ67V-highres-1687761294.jpg
347,347,Ramadillas Floods,2023,Chile,South America,Rural,With Sky,"-37,3","-73,26",https://www.aljazeera.com/gallery/2024/6/14/photos-state-of-catastrophe-as-downpours-hit-chile
348,348,Bolivia Floods,2024,Bolivia,South America,Urban/Peri-urban,No Sky,"-11,01","-68,75",https://i.guim.co.uk/img/media/fd2e83e014049c4cfc15d55e5a95f743e3114ba2/83_101_1262_757/master/1262.jpg?width=620&dpr=2&s=none&crop=none
350,350,Piuta Floods,2023,Peru,South America,Urban/Peri-urban,No Sky,"-5,18","-80,62",https://www.reuters.com/resizer/v2/https%3A%2F%2Fcloudfront-us-east-2.images.arcpublishing.com%2Freuters%2FEC5NAIVGDZINXFGQKKG3VXI45U.jpg?auth=358416a739a41b1e825f99a576dc55ea48fa74fd7d5fdc50d00283ffc2ea99fe&width=960&quality=80
351,351,Maasai Mara national reserve Floods,2024,Kenya,Africa,Rural,No Sky,"-1,48","35,12",https://i.guim.co.uk/img/media/6b6d1b0258dcb77b49c444a7a8b8cc2fc4608953/0_0_9504_5702/master/9504.jpg?width=1900&dpr=2&s=none&crop=none
353,353,Bujumbura Floods,2024,Burundi,Africa,Urban/Peri-urban,No Sky,"-3,34","29,35",https://africa.cgtn.com/wp-content/uploads/2024/05/VCG111491832977-1024x683.jpg
355,355,Mandera County Floods,2024,Kenya,Africa,Urban/Peri-urban,No Sky,"3,46","40,19",https://static.euronews.com/articles/stories/08/11/23/12/1080x608_cmsv2_d1b257d7-dd22-5ac5-be0b-e27b825aa50a-8112312.jpg
356,356,Rufiji Coast Floods,2024,Tanzania,Africa,Urban/Peri-urban,No Sky,"-7,83","38,34",https://apnews.com/video/floods-natural-disasters-storms-tanzania-national-b9aa910552234e6889cd1b8e440d19ed
357,357,Baidoa Floods,2023,Somalia,Africa,Rural,No Sky,"3,13","43,64",https://www.reuters.com/resizer/v2/XVTXTELT6NO5BOUFKLCBL6WC3U.jpg?auth=faab78f87935c1bbecf6ce8c158c4e38619f7800e8c4fcb1d2a23aef978becee&width=960&quality=80
358,358,Luuq Floods,2023,Somalia,Africa,Urban/Peri-urban,With Sky,"3,77","42,55",https://careinternationaluk.ams3.cdn.digitaloceanspaces.com/media/images/RS108164_2023_Somalia_Floods-03.2e16d0ba.fill-1968x1056.jpg
361,361,Beledweyne Floods,2023,Somalia,Africa,Urban/Peri-urban,With Sky,"4,74","45,19",https://storyteller.iom.int/sites/g/files/tmzbdl361/files/1_-aerial_view_of_floods_copy.jpg?fid=12891
362,362,Beledweyne Floods,2023,Somalia,Africa,Urban/Peri-urban,With Sky,"4,74","45,19",https://i.guim.co.uk/img/media/737b73d365e541dac4e381276b4d998cae2af32b/0_0_1000_750/master/1000.jpg?width=1900&dpr=2&s=none&crop=none
363,363,Garissa Floods,2023,Kenya,Africa,Rural,No Sky,"-0,47","39,63",https://img.lemde.fr/2023/11/29/0/0/4931/3167/1260/0/45/0/4cb763c_1701275492964-226272.jpg
365,365,Silte Zone Floods,2024,Ethiopia,Africa,Rural,With Sky,"7,81","38,39",https://ethiopia.me.uk/rising-waters-in-ethiopias-silte-zone-a-call-for-urgent-humanitarian-response/
366,366,Silte Zone Floods,2024,Ethiopia,Africa,Rural,With Sky,"7,81","38,39",https://ethiopia.me.uk/rising-waters-in-ethiopias-silte-zone-a-call-for-urgent-humanitarian-response/
368,368,Maiduguri Floods,2024,Nigeria,Africa,Urban/Peri-urban,With Sky,"11,86","13,14","https://media.cnn.com/api/v1/images/stellar/prod/gettyimages-2170486225.jpg?c=16x9&q=h_653,w_1160,c_fill/f_webp"
369,369,Maiduguri Floods,2024,Nigeria,Africa,Urban/Peri-urban,No Sky,"11,86","13,14",https://static.dw.com/image/70203587_1004.webp
370,370,Adamawa Floods,2022,Nigeria,Africa,Rural,With Sky,"9,77","12,58","https://foreignpolicy.com/wp-content/uploads/2022/09/Nigeria-floods-GettyImages-1243526574.jpg?resize=1000,667&quality=90"
371,371,Maiduguri Floods,2024,Nigeria,Africa,Urban/Peri-urban,No Sky,"11,86","13,14",https://www.unocha.org/sites/default/files/styles/full_width_2_1_246/public/2024-10/1.%20Maiduguri%20Floods%20%28David%20Maine_Nigeria%202024%29.png.webp
372,372,Maiduguri Floods,2024,Nigeria,Africa,Urban/Peri-urban,No Sky,"11,86","13,14",https://bloximages.chicago2.vip.townnews.com/thestar.com/content/tncms/assets/v3/editorial/d/ea/deaa33a9-7b7a-502a-a1fb-ba69760f0494/66e06f59d1bdb.image.jpg?resize=1280%2C720
373,373,Adonkolo Kogi Floods,2024,Nigeria,Africa,Urban/Peri-urban,With Sky,"7,81","6,67",https://thepeninsulaqatar.com/get/maximage/20241013_1728849303-553.jpg?1728849303
374,374,Maiduguri Floods,2024,Nigeria,Africa,Urban/Peri-urban,No Sky,"11,86","13,14",https://gdb.voanews.com/994cfc1d-06f7-414b-807a-b58ef5434e39_cx0_cy10_cw0_w1023_r1_s.jpg
375,375,Maiduguri Floods,2024,Nigeria,Africa,Urban/Peri-urban,With Sky,"11,86","13,14",https://cdn05.allafrica.com/download/pic/main/main/csiid/00651881:15d8d8bd5b1b50a7753db3a6de339d78:arc614x376:w1248:us1.jpg
377,377,Maiduguri Floods,2024,Nigeria,Africa,Urban/Peri-urban,With Sky,"11,86","13,14",https://www.benefitnews.in/_next/image?url=https%3A%2F%2Fibp-benefits.s3.ap-south-1.amazonaws.com%2Fprod%2Fnews%2FimageUrl_cc4130af-2dad-4406-a1ee-ea94b46198ea.jpg&w=1920&q=75
378,378,Maiduguri Floods,2024,Nigeria,Africa,Urban/Peri-urban,No Sky,"11,86","13,14",https://www.channelstv.com/wp-content/uploads/2024/09/This-aerial-view-shows-houses-submerged-under-water-in-Maiduguri-on-September-10-2024_2-Photo-by-Audu-MARTE-AFP-1024x683.jpg
379,379,Maiduguri Floods,2024,Nigeria,Africa,Urban/Peri-urban,With Sky,"11,86","13,14",https://www.channelstv.com/wp-content/uploads/2024/09/This-aerial-view-shows-houses-submerged-under-water-in-Maiduguri-on-September-10-2024_B-Photo-by-Audu-MARTE-AFP-1024x683.jpg
380,380,Sahara Floods,2024,Morocco,Africa,Rural,No Sky,"31,1",-4,https://www.youtube.com/watch?v=lDgu91BfYh8&ab_channel=ABS-CBNNews
382,382,Kinshasa Floods,2024,"Congo, Democratic Republic of the",Africa,Urban/Peri-urban,No Sky,"-4,34","15,2",https://i.guim.co.uk/img/media/e68f1e4faa71a09f7f30750f5217805a83ea61c6/0_0_4000_2250/master/4000.jpg?width=1900&dpr=2&s=none&crop=none
383,383,Arbaat Dam Floods,2024,Sudan,Africa,Urban/Peri-urban,No Sky,"19,58","37,19",https://www.thenationalnews.com/news/mena/2024/08/27/sudan-flooding-kills-at-least-132-as-dam-collapse-wipes-out-scores-of-villages/
384,384,Sahara Floods,2024,Morocco,Africa,Rural,No Sky,"31,21","-3,98",https://static.dw.com/image/70617089_1006.jpg
385,385,Sahara Floods,2024,Morocco,Africa,Rural,No Sky,"31,21","-3,98",https://static.dw.com/image/70617230_1006.jpg
386,386,Sahara Floods,2024,Morocco,Africa,Rural,No Sky,"31,21","-3,98",https://static.dw.com/image/70617154_1006.jpg
387,387,Sahara Floods,2024,Morocco,Africa,Rural,With Sky,"31,21","-3,98",https://www.pattayamail.com/wp-content/uploads/2024/10/t-10-Flooding-turns-Sahara-Desert-into-temporary-lake-in-Morocco-1.jpg
388,388,Sahara Floods,2024,Morocco,Africa,Rural,With Sky,"31,21","-3,98",https://www.pattayamail.com/wp-content/uploads/2024/10/t-10-Flooding-turns-Sahara-Desert-into-temporary-lake-in-Morocco-2.jpg
389,389,Koukou Angarana Floods,2024,Chad,Africa,Rural,With Sky,12,"21,67",https://www.doctorswithoutborders.org/sites/default/files/styles/crop_article_desktop_1238_529/public/image_base_media/2024/08/MSB204822.jpg?h=05fb432c&itok=zNJcMMb1
390,390,Koukou Angarana Floods,2024,Chad,Africa,Rural,With Sky,"12,01","21,65",https://www.arabnews.com/sites/default/files/styles/n_670_395/public/2024/09/21/4526730-694068783.jpg?itok=Ddrs2j-s
392,392,Somali Region Floods,2023,Ethiopia,Africa,Rural,With Sky,"6,58","43,69",https://floodlist.com/wp-content/uploads/2023/05/2.jpg
393,393,Cape Agulhas Municipality Floods,2023,South Africa,Africa,Rural,With Sky,"-34,43","20,01",https://floodlist.com/wp-content/uploads/2023/09/Cape-Agulhas-Municipality-floods-South-Africa-September-2023-Cape-Agulhas-Municipality-1024x576.jpg
394,394,Citrusdal Floods,2024,South Africa,Africa,Rural,No Sky,"-32,59",19,https://smilefm.co.za/wp-content/uploads/2024/08/citrusdal.jpg
395,395,Adaha Floods,2024,Nigeria,Africa,Urban/Peri-urban,With Sky,"8,06","6,78",https://thepeninsulaqatar.com/get/maximage/20241028_1730103737-348.jpg?1730103737
396,396,Doolow Floods,2023,Somalia,Africa,Rural,No Sky,"4,16","42,07",https://static.zawya.com/view/acePublic/alias/contentid/MTcwYTUwNzQtOTgzNi00/0/afp_34646aj-jpg.webp?f=3%3A2&q=0.75&w=828
398,398,Ngueli Floods,2024,Chad,Africa,Urban/Peri-urban,With Sky,"12,06","15,05",https://www.unhcr.org/sites/default/files/styles/landscape_10/public/RF1394610.webp?h=c74750f6&itok=J57wN76A&t=1730381187
399,399,Luanda Floods,2023,Angola,Africa,Urban/Peri-urban,With Sky,"-8,85","13,3",https://floodlist.com/wp-content/uploads/2023/04/Floods-in-Luanda-Angolae-April-2023-Governo-da-Provincia-de-Luanda.jpg
400,400,Macatoo Camp Floods,2024,Botswana,Africa,Rural,With Sky,"-19,65","22,9",https://www.inthesaddle.com/wp-content/uploads/2020/02/Flood-at-Macatoo.png
401,401,Burketown Floods,2023,Australia,Oceania,Rural,No Sky,"-17,73","134,54",https://cdn.i-scmp.com/sites/default/files/styles/1200x800/public/d8/images/canvas/2023/03/12/be5a206d-6c2d-4e1e-923c-c0a9213407e2_c0970b95.jpg?itok=dGQLq86x&v=1678596337
402,402,Lake Placid Floods,2023,Australia,Oceania,Urban/Peri-urban,With Sky,"-16,86","145,67",https://www.aljazeera.com/wp-content/uploads/2023/12/11902008-1702913372.jpg?fit=1170%2C780&quality=80
403,403,Cairns Floods,2023,Australia,Oceania,Urban/Peri-urban,No Sky,"-16,9","145,74",https://www.aljazeera.com/wp-content/uploads/2023/12/2023-12-18T021202Z_417746664_RC2EZ4AY4ERZ_RTRMADP_3_AUSTRALIA-WEATHER-FLOODS-1702918055.jpg?fit=1170%2C658&quality=80
405,405,Mount Crosby Road Floods,2023,Australia,Oceania,Rural,No Sky,"-27,53","152,82",https://www.qra.qld.gov.au/sites/default/files/styles/qra_slider/public/2023-04/colleges_crossing_1.jpg?itok=I-sUkcjl
408,408,Thompson's Creek Floods,2023,Australia,Oceania,Rural,With Sky,"-20,52","148,63",https://live-production.wcms.abc-cdn.net.au/8bc8430d53074b75417cfe43a6533fbb?impolicy=wcms_crop_resize&cropH=1152&cropW=1728&xPos=320&yPos=0&width=862&height=575
409,409,Cairns Floods,2023,Australia,Oceania,Urban/Peri-urban,No Sky,"-16,9","145,74","https://media.cnn.com/api/v1/images/stellar/prod/231217212247-01-australia-flood-queensland.jpg?q=w_1110,c_fill/f_webp"
411,411,Gallipoli Station Floods,2023,Australia,Oceania,Rural,No Sky,"-19,13","137,87",https://live-production.wcms.abc-cdn.net.au/43a8da56b928593e352b31ff48c64c38?impolicy=wcms_crop_resize&cropH=1152&cropW=1536&xPos=256&yPos=0&width=862&height=647
412,412,Flinders Highway Floods,2023,Australia,Oceania,Rural,With Sky,"-20,64","141,43",https://live-production.wcms.abc-cdn.net.au/dce67c440befa736ed0e7111add81365?impolicy=wcms_crop_resize&cropH=1076&cropW=1435&xPos=0&yPos=2&width=862&height=647
413,413,Bendigo Floods,2024,Australia,Oceania,Rural,No Sky,"-36,73","144,21",https://www.sandiegouniontribune.com/2024/01/08/hundreds-evacuate-homes-38-rescued-from-floods-in-southeast-australia-after-heavy-storms/
414,414,Smithfield Floods,2023,Australia,Oceania,Rural,With Sky,"-16,83","145,69",https://www.theguardian.com/australia-news/2023/dec/18/north-queensland-floods-crocodile-ingham-drain-wujal-wujal
415,415,Beaconsfield Floods,2023,Australia,Oceania,Urban/Peri-urban,No Sky,"-21,08","149,17",https://www.theguardian.com/australia-news/live/2023/jan/17/australia-news-live-floodwaters-floods-queensland-bruce-highway-rain-weather-climate-economy-jim-chalmers-wages-jobs-voice#img-2
416,416,Beaconsfield Floods,2023,Australia,Oceania,Urban/Peri-urban,With Sky,"-21,08","149,17",https://www.theguardian.com/australia-news/live/2023/jan/17/australia-news-live-floodwaters-floods-queensland-bruce-highway-rain-weather-climate-economy-jim-chalmers-wages-jobs-voice#img-1
418,418,Rochester Floods,2024,Australia,Oceania,Urban/Peri-urban,With Sky,"-36,35","144,7",https://static.ffx.io/images/$zoom_0.138%2C$multiply_1.9577%2C$ratio_1.5%2C$width_756%2C$x_0%2C$y_0/t_crop_custom/q_62%2Cf_auto/9b09f3d11c4336091ab7426835a8ae2ad999fc6b
419,419,Rochester Floods,2024,Australia,Oceania,Urban/Peri-urban,No Sky,"-36,35","144,7",https://content.api.news/v3/images/bin/dfb2c3465c86492b1afe96d789e79bc9?width=1024
420,420,Rochester Floods,2024,Australia,Oceania,Urban/Peri-urban,No Sky,"-36,35","144,7",https://content.api.news/v3/images/bin/0a735ebc0820fb6e5b6b65e97b061a1a?width=1024
421,421,Bendigo Floods,2024,Australia,Oceania,Urban/Peri-urban,With Sky,"-36,7","144,27",https://static.timesnewsgroup.com.au/prod/uploads/sites/24/2024/01/20240108001886218661-original-for-web.jpg
423,423,East Gippsland Floods,2023,Australia,Oceania,Urban/Peri-urban,With Sky,"-37,82","147,64",https://bairnsdaleadvertiser.com.au/wp-content/uploads/2023/10/wild-weather-in-east-gippsland.jpg
426,426,Murray Bridge Floods,2023,Australia,Oceania,Urban/Peri-urban,No Sky,"-35,15","139,3","https://www.murraybridge.news/content/images/image/fetch/f_auto,q_auto:good,fl_progressive:steep/https_3a_2f_2fsubstack-post-media.s3.amazonaws.com_2fpublic_2fimages_2f522d00d5-ad5a-4c6a-829d-1edfac576b58_1200x675.jpg"
427,427,Wellington Floods,2023,Australia,Oceania,Urban/Peri-urban,With Sky,"-35,33","139,38",https://www.murraybridge.news/content/images/size/w1000/public/images/3086befe-5e67-47f4-b0cb-448b87319de6_1200x675.jpg
428,428,Mypolonga Floods,2023,Australia,Oceania,Urban/Peri-urban,With Sky,"-35,04","139,35","https://www.murraybridge.news/content/images/image/fetch/f_auto,q_auto:good,fl_progressive:steep/https_3a_2f_2fsubstack-post-media.s3.amazonaws.com_2fpublic_2fimages_2f88620ff9-9808-447e-800e-f821ac67502a_1200x675.jpg"
429,429,Toora Floods,2023,Australia,Oceania,Rural,With Sky,"-35,09","139,29","https://www.murraybridge.news/content/images/image/fetch/f_auto,q_auto:good,fl_progressive:steep/https_3a_2f_2fbucketeer-e05bbc84-baa3-437e-9518-adb32be77984.s3.amazonaws.com_2fpublic_2fimages_2f33d1ce89-5a58-406d-a87c-da7250f4e6cc_1200x675.jpg"
430,430,Prenti Downs Station Floods,2024,Australia,Oceania,Rural,With Sky,"-26,52","122,81",https://live-production.wcms.abc-cdn.net.au/8c1cc76731f91ad2f6d70295a880eae3?impolicy=wcms_crop_resize&cropH=744&cropW=1116&xPos=240&yPos=162&width=862&height=575
431,431,Rawlinna Station Homestead Floods,2024,Australia,Oceania,Rural,No Sky,"-31,04","125,21",https://live-production.wcms.abc-cdn.net.au/348e8e0f7afeee1f812c44eb22fb2d9d?impolicy=wcms_crop_resize&cropH=1067&cropW=1600&xPos=0&yPos=0&width=862&height=575
432,432,Fitzroy Crossing Floods,2023,Australia,Oceania,Urban/Peri-urban,With Sky,"-18,2","125,57",https://www.airmedandrescue.com/sites/amr/files/styles/full_size_view/public/2023-01/rfds-flooding-sml.jpg?h=fb012e2a&itok=yEbKCmBR
436,436,Kalyeeda Station Floods,2023,Australia,Oceania,Rural,With Sky,"-18,53","124,68",https://live-production.wcms.abc-cdn.net.au/715d4854d5faff350bb3db9935325a9f?impolicy=wcms_crop_resize&cropH=1024&cropW=1536&xPos=0&yPos=530&width=862&height=575
437,437,Beachmere Floods,2023,Australia,Oceania,Urban/Peri-urban,No Sky,"-27,13","153,01",https://imageresizer.static9.net.au/VAp21Tbs5BrFLS-yspZHlL2v4Rk=/1000x0/https%3A%2F%2Fprod.static9.net.au%2Ffs%2Fb26eb805-8dbb-4890-ab26-55c1ecfe9190
438,438,Cloncurry-Julia Creek Floods,2024,Australia,Oceania,Rural,With Sky,"-20,63","141,21",https://live-production.wcms.abc-cdn.net.au/c2311bbffb33e1c2cd93116b609f8e60?impolicy=wcms_crop_resize&cropH=1344&cropW=2016&xPos=0&yPos=84&width=862&height=575
440,440,Sydney Floods,2024,Australia,Oceania,Urban/Peri-urban,With Sky,"-33,73","151,17",https://www.canberratimes.com.au/images/transform/v1/crop/frm/silverstone-feed-data/707e2add-8a36-43a9-8289-7d195271ee8e.jpg/r0_0_800_600_w1200_h678_fmax.webp
441,441,Te Karaka Floods,2023,New Zealand,Oceania,Rural,With Sky,"-38,46","177,86","https://media.rnztools.nz/rnz/image/upload/s--Qrf9GkBO--/ar_16:10,c_fill,f_auto,g_auto,q_auto,w_1050/v1676431647/4LDJIEB_MicrosoftTeams_image_22_png?_a=BACCd2AD"
442,442,Te Karaka Floods,2023,New Zealand,Oceania,Rural,No Sky,"-38,46","177,86","https://media.rnztools.nz/rnz/image/upload/s--VVQUL5dT--/ar_16:10,c_fill,f_auto,g_auto,q_auto,w_1050/v1676431648/4LDJIEB_MicrosoftTeams_image_21_png?_a=BACCd2AD"
443,443,Pakowhai Floods,2024,New Zealand,Oceania,Rural,With Sky,"-39,58","176,87",https://baybuzz.co.nz/wp-content/uploads/2024/07/Pakowhai-780x520-1.jpg
444,444,Napier Floods,2023,New Zealand,Oceania,Rural,No Sky,"-39,54","176,84",https://i.cbc.ca/1.6748893.1676461905!/fileImage/httpImage/image.jpg_gen/derivatives/original_1180/new-zealand-cyclone.jpg?im=Resize%3D1180
445,445,Awatoto Floods,2023,New Zealand,Oceania,Urban/Peri-urban,No Sky,"-39,53","176,9",https://www.france24.com/en/asia-pacific/20230215-cyclone-gabrielle-moves-away-from-new-zealand-leaving-deadly-trail
446,446,Hawke’s Bay Floods,2023,New Zealand,Oceania,Urban/Peri-urban,No Sky,"-39,54","176,85",https://www.theguardian.com/world/2023/feb/15/how-can-we-get-out-of-here-survivors-of-cyclone-gabrielle-describe-sense-of-loss-and-despair#img-5
447,447,Awatoto Floods,2023,New Zealand,Oceania,Urban/Peri-urban,No Sky,"-39,53","176,9",https://ichef.bbci.co.uk/news/1024/cpsprodpb/185A8/production/_128625799_gettyimages-1247122641.jpg.webp
448,448,Bowen River Floods,2023,Australia,Oceania,Rural,No Sky,"-20,75","147,84",https://www.beefcentral.com/wp-content/uploads/2023/01/324744853_696787375411534_400994530182276745_n.jpg
449,449,Rawlinna Station Homestead Floods,2024,Australia,Oceania,Rural,No Sky,"-31,04","125,21",https://www.farmonline.com.au/images/transform/v1/crop/frm/39XqhrgY6riNnQBs6VEtc8R/577dbdd7-f5a0-427d-b19c-061eb2f9667f.jpg/r0_0_2048_1338_w1200_h678_fmax.webp
450,450,Nagambie Lakes Caravan Park Floods,2024,Australia,Oceania,Rural,No Sky,"-36,78","145,13",https://live-production.wcms.abc-cdn.net.au/dc29af8cc9b42996cf1d2f81a1859c3e?impolicy=wcms_crop_resize&cropH=1134&cropW=2016&xPos=0&yPos=189&width=862&height=485
451,451,Nagambie Lakes Caravan Park Floods,2024,Australia,Oceania,Rural,No Sky,"-36,78","145,13",https://live-production.wcms.abc-cdn.net.au/bf0bd1c3180b705d6e2a67e1045fc75f?impolicy=wcms_crop_resize&cropH=1344&cropW=2016&xPos=0&yPos=84&width=862&height=575
452,452,Cairns Floods,2023,Australia,Oceania,Rural,With Sky,"-16,86","145,73",https://i0.wp.com/akamau.org/wp-content/uploads/2023/12/screen-shot-2023-12-18-at-11.25.06-pm.png?resize=741%2C922&ssl=1
453,453,Cairns Floods,2023,Australia,Oceania,Rural,No Sky,"-16,86","145,73",https://i0.wp.com/akamau.org/wp-content/uploads/2023/12/screen-shot-2023-12-18-at-11.25.33-pm.png?fit=746%2C894&ssl=1
454,454,Mt Molloy Road Floods,2023,Australia,Oceania,Rural,No Sky,"-16,66","145,32",https://live-production.wcms.abc-cdn.net.au/571f231c2cd120b6463f0e5db85c58b4?impolicy=wcms_crop_resize&cropH=1152&cropW=2048&xPos=0&yPos=192&width=862&height=485
455,455,Cairns Floods,2023,Australia,Oceania,Urban/Peri-urban,No Sky,"-16,9","145,74",https://www.cairns.qld.gov.au/__data/assets/image/0012/595785/flooding_web.jpg
456,456,Cairns Floods,2023,Australia,Oceania,Urban/Peri-urban,With Sky,"-16,86","145,73",https://www.cairns.qld.gov.au/__data/assets/image/0009/639297/TCJasper_Barron.jpg
457,457,Cairns Floods,2023,Australia,Oceania,Urban/Peri-urban,With Sky,"-16,85","145,75",https://www.reuters.com/resizer/v2/ZJFMOVMZSJL6TDMR7E4MJJDXMQ.jpg?auth=3f548992e8334d21392f63aec16e65fae71d7fa9e6646f7443263c3e225ae011&width=960&quality=80
458,458,Cairns Floods,2023,Australia,Oceania,Urban/Peri-urban,No Sky,"-16,9","145,74",https://www.reuters.com/resizer/v2/Y72DPGY6HRIABPJW6JA36F5DW4.jpg?auth=e4ab1ca8f8e84d851785f135b1cc98c00e2a5252f0a3cbdb62ed1b1bd3b8fee7&width=1200&quality=80
459,459,Napier Floods,2023,New Zealand,Oceania,Rural,No Sky,"-39,39","176,83",https://www.thecoconet.tv/assets/resized/sm/upload/vp/0g/y3/6x/Screen%20Shot%202023-02-15%20at%2012.09.34%20PM-0-1700-0-1154-crop.jpg?k=8b82f2d4fd
460,460,Burketown Floods,2023,Australia,Oceania,Rural,With Sky,"-17,74","139,53",https://scx2.b-cdn.net/gfx/news/2023/a-handout-photo-taken.jpg
463,463,Toronto Floods,2024,Canada,North America,Urban/Peri-urban,No Sky,"43,66","-79,35",https://cdn.skyrisecities.com/sites/default/files/images/articles/2024/07/56468/56468-173182.jpg
464,464,Toronto Floods,2024,Canada,North America,Urban/Peri-urban,No Sky,"43,66","-79,35",https://toronto.ctvnews.ca/content/dam/ctvnews/en/images/2024/7/16/flooding-1-6965952-1721180561716.jpg
466,466,Petropavl Floods,2024,Kazakhstan,Asia,Urban/Peri-urban,With Sky,"54,91","69,12",https://www.reuters.com/resizer/v2/2AIOL55BVNMDJHQ3INIMKGIOPQ.jpg?auth=5d909b5e1fb30bd54554acffb95dda30498c22f567382291798b6c5027d879b2&width=1920&quality=80
467,467,Orsk Floods,2024,Russia,Asia,Urban/Peri-urban,No Sky,"51,22","58,46",https://www.reuters.com/resizer/v2/O3P5XGLUFVIEXLTYB6O6FWPJEA.jpg?auth=900d5533f460e405e447441578fdb337a8d75666f7ce0a19d4dbf31425814f0d&width=1920&quality=80
469,469,Petropavl Floods,2024,Kazakhstan,Asia,Urban/Peri-urban,With Sky,"54,82","69,12",https://www.reuters.com/investigates/special-report/assets/year-end-2024-photos-floods/Floods_72.jpg
470,470,Chiang Rai Floods,2024,Thailand,Asia,Urban/Peri-urban,With Sky,"19,91","99,78",https://www.reuters.com/investigates/special-report/assets/year-end-2024-photos-floods/Floods_36.jpg